<application>
  <component name="FileTypeManager" version="17">
    <extensionMap>
      <mapping pattern="*.js.flow" type="Flow" />
      <mapping pattern="*.js.flow" type="Flow" />
      <mapping pattern="*.js.liquid" type="JavaScript" />
      <mapping ext="pem" type="PLAIN_TEXT" />
      <mapping ext="liquid" type="Twig" />
      <removed_mapping ext="liquid" approved="true" type="HTML" />
      <removed_mapping pattern="*.scss.liquid" approved="true" type="SCSS" />
    </extensionMap>
  </component>
</application>