<application>
  <component name="MaterialThemeConfig">
    <option name="allowDataCollection" value="true" />
    <option name="isHighContrast" value="true" />
    <option name="isWizardShown" value="true" />
    <option name="pristineConfig" value="false" />
    <option name="accentColor" value="d33682" />
    <option name="selectedTheme" value="SOLARIZED_LIGHT" />
    <option name="userId" value="-271504b1:16bfee186a5:-8000" />
    <option name="version" value="4.11.5" />
  </component>
</application>