<application>
  <component name="ProjectManager">
    <defaultProject>
      <component name="Behat">
        <behat_settings>
          <BehatSettings />
        </behat_settings>
      </component>
      <component name="ComposerSettings">
        <pharPath>$USER_HOME$/.composer/composer.phar</pharPath>
        <phpPath>/Applications/MAMP/bin/php/php5.6.7/bin/php</phpPath>
      </component>
      <component name="Encoding">
        <file url="PROJECT" charset="UTF-8" />
      </component>
      <component name="PhpProjectSharedConfiguration" php_language_level="7" />
      <component name="PhpWorkspaceProjectConfiguration" backward_compatibility_performed="true" interpreter_name="PHP" />
      <component name="PropertiesComponent">
        <property name="last_opened_file_path" value="$USER_HOME$/.composer" />
        <property name="nodejs_interpreter_path.stuck_in_default_project" value="undefined stuck path" />
        <property name="nodejs_npm_path_reset_for_default_project" value="true" />
        <property name="options.lastSelected" value="configurable.group.appearance" />
        <property name="options.splitter.details.proportions" value="0.2" />
        <property name="options.splitter.main.proportions" value="0.3" />
        <property name="settings.editor.selected.configurable" value="reference.webide.settings.project.settings.php.composer" />
        <property name="settings.editor.splitter.proportion" value="0.2" />
      </component>
      <component name="VcsContentAnnotationSettings">
        <option name="myLimit" value="2678400000" />
      </component>
    </defaultProject>
  </component>
</application>