<application>
  <component name="ApplicationTasksOptions">
    <TaskOptions isEnabled="true">
      <option name="arguments" value="--no-color $FileName$" />
      <option name="checkSyntaxErrors" value="true" />
      <option name="description" value="Compiles .less files into .css files" />
      <option name="exitCodeBehavior" value="ERROR" />
      <option name="fileExtension" value="less" />
      <option name="immediateSync" value="true" />
      <option name="name" value="LESS" />
      <option name="output" value="../css/$FileNameWithoutExtension$.css" />
      <option name="outputFilters">
        <array>
          <FilterInfo>
            <option name="description" value="lessc error format" />
            <option name="name" value="lessc" />
            <option name="regExp" value="$MESSAGE$$FILE_PATH$?:$LINE$:$COLUMN$" />
          </FilterInfo>
        </array>
      </option>
      <option name="outputFromStdout" value="true" />
      <option name="passParentEnvs" value="true" />
      <option name="program" value="/usr/local/bin/lessc" />
      <option name="scopeName" value="Project Files" />
      <option name="trackOnlyRoot" value="false" />
      <option name="workingDir" value="$FileDir$" />
      <envs />
    </TaskOptions>
  </component>
</application>