<application>
  <component name="KeyPromoterXStatistic">
    <option name="statistics">
      <Statistic Action="Declaration">
        <Item>
          <IdeaActionID>GotoDeclaration</IdeaActionID>
          <ShortCut>'⌘B'</ShortCut>
          <Description>Declaration</Description>
          <Count>4</Count>
        </Item>
      </Statistic>
      <Statistic Action="Find in Path...">
        <Item>
          <IdeaActionID>FindInPath</IdeaActionID>
          <ShortCut>'⇧⌘F'</ShortCut>
          <Description>Find in Path...</Description>
          <Count>2</Count>
        </Item>
      </Statistic>
      <Statistic Action="Logcat">
        <Item>
          <IdeaActionID>ActivateLogcatToolWindow</IdeaActionID>
          <ShortCut>'⌘6'</ShortCut>
          <Description>Logcat</Description>
          <Count>5</Count>
        </Item>
      </Statistic>
      <Statistic Action="Make Project">
        <Item>
          <IdeaActionID>MakeGradleProject</IdeaActionID>
          <ShortCut>'⌘F9'</ShortCut>
          <Description>Make Project</Description>
          <Count>2</Count>
        </Item>
      </Statistic>
      <Statistic Action="Run">
        <Item>
          <IdeaActionID>ActivateRunToolWindow</IdeaActionID>
          <ShortCut>'⌘4'</ShortCut>
          <Description>Run</Description>
          <Count>2</Count>
        </Item>
      </Statistic>
      <Statistic Action="Run 'app'">
        <Item>
          <IdeaActionID>Run</IdeaActionID>
          <ShortCut>'⌃R'</ShortCut>
          <Description>Run 'app'</Description>
          <Count>26</Count>
        </Item>
      </Statistic>
      <Statistic Action="Stop 'app'">
        <Item>
          <IdeaActionID>Stop</IdeaActionID>
          <ShortCut>'⌘F2'</ShortCut>
          <Description>Stop 'app'</Description>
          <Count>1</Count>
        </Item>
      </Statistic>
      <Statistic Action="Terminal">
        <Item>
          <IdeaActionID>ActivateTerminalToolWindow</IdeaActionID>
          <ShortCut>'⌥F12'</ShortCut>
          <Description>Terminal</Description>
          <Count>2</Count>
        </Item>
      </Statistic>
    </option>
  </component>
</application>