<application>
  <component name="MaterialThemeConfig">
    <option name="allowDataCollection" value="true" />
    <option name="isContrastMode" value="true" />
    <option name="isWizardShown" value="true" />
    <option name="pristineConfig" value="false" />
    <option name="settingsSelectedTab" value="6" />
    <option name="accentColor" value="009fff" />
    <option name="selectedTheme" value="CUSTOM" />
    <option name="userId" value="63afe85b:1697260e2a8:-8000" />
    <option name="version" value="4.10.0" />
  </component>
</application>