<application>
  <component name="libraryTable">
    <library name="activesupport (v4.2.10, ruby-2.0.0-p481) [gem]" type="rubylib">
      <properties>
        <option name="version" value="4" />
      </properties>
      <CLASSES>
        <root url="file:///Library/Ruby/Gems/2.3.0/gems/activesupport-4.2.10/lib" />
      </CLASSES>
      <SOURCES>
        <root url="file:///Library/Ruby/Gems/2.3.0/gems/activesupport-4.2.10/lib" />
      </SOURCES>
    </library>
    <library name="atomos (v0.1.3, ruby-2.0.0-p481) [gem]" type="rubylib">
      <properties>
        <option name="version" value="4" />
      </properties>
      <CLASSES>
        <root url="file:///Library/Ruby/Gems/2.3.0/gems/atomos-0.1.3/bin" />
        <root url="file:///Library/Ruby/Gems/2.3.0/gems/atomos-0.1.3/lib" />
      </CLASSES>
      <SOURCES>
        <root url="file:///Library/Ruby/Gems/2.3.0/gems/atomos-0.1.3/bin" />
        <root url="file:///Library/Ruby/Gems/2.3.0/gems/atomos-0.1.3/lib" />
      </SOURCES>
      <excluded>
        <root url="file:///Library/Ruby/Gems/2.3.0/gems/atomos-0.1.3/bin" />
      </excluded>
    </library>
    <library name="bigdecimal (v1.2.8, ruby-2.0.0-p481) [gem]" type="rubylib">
      <properties>
        <option name="version" value="4" />
      </properties>
      <CLASSES />
      <SOURCES />
    </library>
    <library name="CFPropertyList (v2.2.8, ruby-2.0.0-p481) [gem]" type="rubylib">
      <properties>
        <option name="version" value="4" />
      </properties>
      <CLASSES>
        <root url="file:///System/Library/Frameworks/Ruby.framework/Versions/2.3/usr/lib/ruby/gems/2.3.0/gems/CFPropertyList-2.2.8/lib" />
      </CLASSES>
      <SOURCES>
        <root url="file:///System/Library/Frameworks/Ruby.framework/Versions/2.3/usr/lib/ruby/gems/2.3.0/gems/CFPropertyList-2.2.8/lib" />
      </SOURCES>
    </library>
    <library name="CFPropertyList (v2.3.5, ruby-2.0.0-p481) [gem]" type="rubylib">
      <properties>
        <option name="version" value="4" />
      </properties>
      <CLASSES>
        <root url="file:///Library/Ruby/Gems/2.3.0/gems/CFPropertyList-2.3.5/lib" />
      </CLASSES>
      <SOURCES>
        <root url="file:///Library/Ruby/Gems/2.3.0/gems/CFPropertyList-2.3.5/lib" />
      </SOURCES>
    </library>
    <library name="claide (v1.0.2, ruby-2.0.0-p481) [gem]" type="rubylib">
      <properties>
        <option name="version" value="4" />
      </properties>
      <CLASSES>
        <root url="file:///Library/Ruby/Gems/2.3.0/gems/claide-1.0.2/lib" />
      </CLASSES>
      <SOURCES>
        <root url="file:///Library/Ruby/Gems/2.3.0/gems/claide-1.0.2/lib" />
      </SOURCES>
    </library>
    <library name="cocoapods (v1.3.1, ruby-2.0.0-p481) [gem]" type="rubylib">
      <properties>
        <option name="version" value="4" />
      </properties>
      <CLASSES>
        <root url="file:///Library/Ruby/Gems/2.3.0/gems/cocoapods-1.3.1/bin" />
        <root url="file:///Library/Ruby/Gems/2.3.0/gems/cocoapods-1.3.1/lib" />
      </CLASSES>
      <SOURCES>
        <root url="file:///Library/Ruby/Gems/2.3.0/gems/cocoapods-1.3.1/bin" />
        <root url="file:///Library/Ruby/Gems/2.3.0/gems/cocoapods-1.3.1/lib" />
      </SOURCES>
      <excluded>
        <root url="file:///Library/Ruby/Gems/2.3.0/gems/cocoapods-1.3.1/bin" />
      </excluded>
    </library>
    <library name="cocoapods (v1.5.3, ruby-2.0.0-p481) [gem]" type="rubylib">
      <properties>
        <option name="version" value="4" />
      </properties>
      <CLASSES>
        <root url="file:///Library/Ruby/Gems/2.3.0/gems/cocoapods-1.5.3/bin" />
        <root url="file:///Library/Ruby/Gems/2.3.0/gems/cocoapods-1.5.3/lib" />
      </CLASSES>
      <SOURCES>
        <root url="file:///Library/Ruby/Gems/2.3.0/gems/cocoapods-1.5.3/bin" />
        <root url="file:///Library/Ruby/Gems/2.3.0/gems/cocoapods-1.5.3/lib" />
      </SOURCES>
      <excluded>
        <root url="file:///Library/Ruby/Gems/2.3.0/gems/cocoapods-1.5.3/bin" />
      </excluded>
    </library>
    <library name="cocoapods (v1.6.0, ruby-2.0.0-p481) [gem]" type="rubylib">
      <properties>
        <option name="version" value="4" />
      </properties>
      <CLASSES>
        <root url="file:///Library/Ruby/Gems/2.3.0/gems/cocoapods-1.6.0/bin" />
        <root url="file:///Library/Ruby/Gems/2.3.0/gems/cocoapods-1.6.0/lib" />
      </CLASSES>
      <SOURCES>
        <root url="file:///Library/Ruby/Gems/2.3.0/gems/cocoapods-1.6.0/bin" />
        <root url="file:///Library/Ruby/Gems/2.3.0/gems/cocoapods-1.6.0/lib" />
      </SOURCES>
      <excluded>
        <root url="file:///Library/Ruby/Gems/2.3.0/gems/cocoapods-1.6.0/bin" />
      </excluded>
    </library>
    <library name="cocoapods (v1.7.0.beta.3, ruby-2.0.0-p481) [gem]" type="rubylib">
      <properties>
        <option name="version" value="4" />
      </properties>
      <CLASSES>
        <root url="file:///Library/Ruby/Gems/2.3.0/gems/cocoapods-1.7.0.beta.3/bin" />
        <root url="file:///Library/Ruby/Gems/2.3.0/gems/cocoapods-1.7.0.beta.3/lib" />
      </CLASSES>
      <SOURCES>
        <root url="file:///Library/Ruby/Gems/2.3.0/gems/cocoapods-1.7.0.beta.3/bin" />
        <root url="file:///Library/Ruby/Gems/2.3.0/gems/cocoapods-1.7.0.beta.3/lib" />
      </SOURCES>
      <excluded>
        <root url="file:///Library/Ruby/Gems/2.3.0/gems/cocoapods-1.7.0.beta.3/bin" />
      </excluded>
    </library>
    <library name="cocoapods (v1.7.0.rc.1, ruby-2.0.0-p481) [gem]" type="rubylib">
      <properties>
        <option name="version" value="4" />
      </properties>
      <CLASSES>
        <root url="file:///Library/Ruby/Gems/2.3.0/gems/cocoapods-1.7.0.rc.1/bin" />
        <root url="file:///Library/Ruby/Gems/2.3.0/gems/cocoapods-1.7.0.rc.1/lib" />
      </CLASSES>
      <SOURCES>
        <root url="file:///Library/Ruby/Gems/2.3.0/gems/cocoapods-1.7.0.rc.1/bin" />
        <root url="file:///Library/Ruby/Gems/2.3.0/gems/cocoapods-1.7.0.rc.1/lib" />
      </SOURCES>
      <excluded>
        <root url="file:///Library/Ruby/Gems/2.3.0/gems/cocoapods-1.7.0.rc.1/bin" />
      </excluded>
    </library>
    <library name="cocoapods-core (v1.3.1, ruby-2.0.0-p481) [gem]" type="rubylib">
      <properties>
        <option name="version" value="4" />
      </properties>
      <CLASSES>
        <root url="file:///Library/Ruby/Gems/2.3.0/gems/cocoapods-core-1.3.1/lib" />
      </CLASSES>
      <SOURCES>
        <root url="file:///Library/Ruby/Gems/2.3.0/gems/cocoapods-core-1.3.1/lib" />
      </SOURCES>
    </library>
    <library name="cocoapods-core (v1.5.3, ruby-2.0.0-p481) [gem]" type="rubylib">
      <properties>
        <option name="version" value="4" />
      </properties>
      <CLASSES>
        <root url="file:///Library/Ruby/Gems/2.3.0/gems/cocoapods-core-1.5.3/lib" />
      </CLASSES>
      <SOURCES>
        <root url="file:///Library/Ruby/Gems/2.3.0/gems/cocoapods-core-1.5.3/lib" />
      </SOURCES>
    </library>
    <library name="cocoapods-core (v1.6.0, ruby-2.0.0-p481) [gem]" type="rubylib">
      <properties>
        <option name="version" value="4" />
      </properties>
      <CLASSES>
        <root url="file:///Library/Ruby/Gems/2.3.0/gems/cocoapods-core-1.6.0/lib" />
      </CLASSES>
      <SOURCES>
        <root url="file:///Library/Ruby/Gems/2.3.0/gems/cocoapods-core-1.6.0/lib" />
      </SOURCES>
    </library>
    <library name="cocoapods-core (v1.7.0.beta.3, ruby-2.0.0-p481) [gem]" type="rubylib">
      <properties>
        <option name="version" value="4" />
      </properties>
      <CLASSES>
        <root url="file:///Library/Ruby/Gems/2.3.0/gems/cocoapods-core-1.7.0.beta.3/lib" />
      </CLASSES>
      <SOURCES>
        <root url="file:///Library/Ruby/Gems/2.3.0/gems/cocoapods-core-1.7.0.beta.3/lib" />
      </SOURCES>
    </library>
    <library name="cocoapods-core (v1.7.0.rc.1, ruby-2.0.0-p481) [gem]" type="rubylib">
      <properties>
        <option name="version" value="4" />
      </properties>
      <CLASSES>
        <root url="file:///Library/Ruby/Gems/2.3.0/gems/cocoapods-core-1.7.0.rc.1/lib" />
      </CLASSES>
      <SOURCES>
        <root url="file:///Library/Ruby/Gems/2.3.0/gems/cocoapods-core-1.7.0.rc.1/lib" />
      </SOURCES>
    </library>
    <library name="cocoapods-deintegrate (v1.0.1, ruby-2.0.0-p481) [gem]" type="rubylib">
      <properties>
        <option name="version" value="4" />
      </properties>
      <CLASSES>
        <root url="file:///Library/Ruby/Gems/2.3.0/gems/cocoapods-deintegrate-1.0.1/lib" />
      </CLASSES>
      <SOURCES>
        <root url="file:///Library/Ruby/Gems/2.3.0/gems/cocoapods-deintegrate-1.0.1/lib" />
      </SOURCES>
    </library>
    <library name="cocoapods-deintegrate (v1.0.2, ruby-2.0.0-p481) [gem]" type="rubylib">
      <properties>
        <option name="version" value="4" />
      </properties>
      <CLASSES>
        <root url="file:///Library/Ruby/Gems/2.3.0/gems/cocoapods-deintegrate-1.0.2/lib" />
      </CLASSES>
      <SOURCES>
        <root url="file:///Library/Ruby/Gems/2.3.0/gems/cocoapods-deintegrate-1.0.2/lib" />
      </SOURCES>
    </library>
    <library name="cocoapods-deintegrate (v1.0.4, ruby-2.0.0-p481) [gem]" type="rubylib">
      <properties>
        <option name="version" value="4" />
      </properties>
      <CLASSES>
        <root url="file:///Library/Ruby/Gems/2.3.0/gems/cocoapods-deintegrate-1.0.4/lib" />
      </CLASSES>
      <SOURCES>
        <root url="file:///Library/Ruby/Gems/2.3.0/gems/cocoapods-deintegrate-1.0.4/lib" />
      </SOURCES>
    </library>
    <library name="cocoapods-downloader (v1.1.3, ruby-2.0.0-p481) [gem]" type="rubylib">
      <properties>
        <option name="version" value="4" />
      </properties>
      <CLASSES>
        <root url="file:///Library/Ruby/Gems/2.3.0/gems/cocoapods-downloader-1.1.3/lib" />
      </CLASSES>
      <SOURCES>
        <root url="file:///Library/Ruby/Gems/2.3.0/gems/cocoapods-downloader-1.1.3/lib" />
      </SOURCES>
    </library>
    <library name="cocoapods-downloader (v1.2.1, ruby-2.0.0-p481) [gem]" type="rubylib">
      <properties>
        <option name="version" value="4" />
      </properties>
      <CLASSES>
        <root url="file:///Library/Ruby/Gems/2.3.0/gems/cocoapods-downloader-1.2.1/lib" />
      </CLASSES>
      <SOURCES>
        <root url="file:///Library/Ruby/Gems/2.3.0/gems/cocoapods-downloader-1.2.1/lib" />
      </SOURCES>
    </library>
    <library name="cocoapods-downloader (v1.2.2, ruby-2.0.0-p481) [gem]" type="rubylib">
      <properties>
        <option name="version" value="4" />
      </properties>
      <CLASSES>
        <root url="file:///Library/Ruby/Gems/2.3.0/gems/cocoapods-downloader-1.2.2/lib" />
      </CLASSES>
      <SOURCES>
        <root url="file:///Library/Ruby/Gems/2.3.0/gems/cocoapods-downloader-1.2.2/lib" />
      </SOURCES>
    </library>
    <library name="cocoapods-keys (v2.1.0, ruby-2.0.0-p481) [gem]" type="rubylib">
      <properties>
        <option name="version" value="4" />
      </properties>
      <CLASSES>
        <root url="file:///Library/Ruby/Gems/2.3.0/gems/cocoapods-keys-2.1.0/lib" />
        <root url="file:///Library/Ruby/Gems/2.3.0/gems/cocoapods-keys-2.1.0/spec" />
        <root url="file:///Library/Ruby/Gems/2.3.0/gems/cocoapods-keys-2.1.0/templates" />
      </CLASSES>
      <SOURCES>
        <root url="file:///Library/Ruby/Gems/2.3.0/gems/cocoapods-keys-2.1.0/lib" />
        <root url="file:///Library/Ruby/Gems/2.3.0/gems/cocoapods-keys-2.1.0/spec" />
        <root url="file:///Library/Ruby/Gems/2.3.0/gems/cocoapods-keys-2.1.0/templates" />
      </SOURCES>
      <excluded>
        <root url="file:///Library/Ruby/Gems/2.3.0/gems/cocoapods-keys-2.1.0/spec" />
        <root url="file:///Library/Ruby/Gems/2.3.0/gems/cocoapods-keys-2.1.0/templates" />
      </excluded>
    </library>
    <library name="cocoapods-plugins (v1.0.0, ruby-2.0.0-p481) [gem]" type="rubylib">
      <properties>
        <option name="version" value="4" />
      </properties>
      <CLASSES>
        <root url="file:///Library/Ruby/Gems/2.3.0/gems/cocoapods-plugins-1.0.0/lib" />
        <root url="file:///Library/Ruby/Gems/2.3.0/gems/cocoapods-plugins-1.0.0/spec" />
      </CLASSES>
      <SOURCES>
        <root url="file:///Library/Ruby/Gems/2.3.0/gems/cocoapods-plugins-1.0.0/lib" />
        <root url="file:///Library/Ruby/Gems/2.3.0/gems/cocoapods-plugins-1.0.0/spec" />
      </SOURCES>
      <excluded>
        <root url="file:///Library/Ruby/Gems/2.3.0/gems/cocoapods-plugins-1.0.0/spec" />
      </excluded>
    </library>
    <library name="cocoapods-search (v1.0.0, ruby-2.0.0-p481) [gem]" type="rubylib">
      <properties>
        <option name="version" value="4" />
      </properties>
      <CLASSES>
        <root url="file:///Library/Ruby/Gems/2.3.0/gems/cocoapods-search-1.0.0/lib" />
        <root url="file:///Library/Ruby/Gems/2.3.0/gems/cocoapods-search-1.0.0/spec" />
      </CLASSES>
      <SOURCES>
        <root url="file:///Library/Ruby/Gems/2.3.0/gems/cocoapods-search-1.0.0/lib" />
        <root url="file:///Library/Ruby/Gems/2.3.0/gems/cocoapods-search-1.0.0/spec" />
      </SOURCES>
      <excluded>
        <root url="file:///Library/Ruby/Gems/2.3.0/gems/cocoapods-search-1.0.0/spec" />
      </excluded>
    </library>
    <library name="cocoapods-stats (v1.0.0, ruby-2.0.0-p481) [gem]" type="rubylib">
      <properties>
        <option name="version" value="4" />
      </properties>
      <CLASSES>
        <root url="file:///Library/Ruby/Gems/2.3.0/gems/cocoapods-stats-1.0.0/lib" />
        <root url="file:///Library/Ruby/Gems/2.3.0/gems/cocoapods-stats-1.0.0/spec" />
      </CLASSES>
      <SOURCES>
        <root url="file:///Library/Ruby/Gems/2.3.0/gems/cocoapods-stats-1.0.0/lib" />
        <root url="file:///Library/Ruby/Gems/2.3.0/gems/cocoapods-stats-1.0.0/spec" />
      </SOURCES>
      <excluded>
        <root url="file:///Library/Ruby/Gems/2.3.0/gems/cocoapods-stats-1.0.0/spec" />
      </excluded>
    </library>
    <library name="cocoapods-trunk (v1.3.0, ruby-2.0.0-p481) [gem]" type="rubylib">
      <properties>
        <option name="version" value="4" />
      </properties>
      <CLASSES>
        <root url="file:///Library/Ruby/Gems/2.3.0/gems/cocoapods-trunk-1.3.0/lib" />
        <root url="file:///Library/Ruby/Gems/2.3.0/gems/cocoapods-trunk-1.3.0/spec" />
      </CLASSES>
      <SOURCES>
        <root url="file:///Library/Ruby/Gems/2.3.0/gems/cocoapods-trunk-1.3.0/lib" />
        <root url="file:///Library/Ruby/Gems/2.3.0/gems/cocoapods-trunk-1.3.0/spec" />
      </SOURCES>
      <excluded>
        <root url="file:///Library/Ruby/Gems/2.3.0/gems/cocoapods-trunk-1.3.0/spec" />
      </excluded>
    </library>
    <library name="cocoapods-trunk (v1.3.1, ruby-2.0.0-p481) [gem]" type="rubylib">
      <properties>
        <option name="version" value="4" />
      </properties>
      <CLASSES>
        <root url="file:///Library/Ruby/Gems/2.3.0/gems/cocoapods-trunk-1.3.1/lib" />
        <root url="file:///Library/Ruby/Gems/2.3.0/gems/cocoapods-trunk-1.3.1/spec" />
      </CLASSES>
      <SOURCES>
        <root url="file:///Library/Ruby/Gems/2.3.0/gems/cocoapods-trunk-1.3.1/lib" />
        <root url="file:///Library/Ruby/Gems/2.3.0/gems/cocoapods-trunk-1.3.1/spec" />
      </SOURCES>
      <excluded>
        <root url="file:///Library/Ruby/Gems/2.3.0/gems/cocoapods-trunk-1.3.1/spec" />
      </excluded>
    </library>
    <library name="cocoapods-try (v1.1.0, ruby-2.0.0-p481) [gem]" type="rubylib">
      <properties>
        <option name="version" value="4" />
      </properties>
      <CLASSES>
        <root url="file:///Library/Ruby/Gems/2.3.0/gems/cocoapods-try-1.1.0/lib" />
        <root url="file:///Library/Ruby/Gems/2.3.0/gems/cocoapods-try-1.1.0/spec" />
      </CLASSES>
      <SOURCES>
        <root url="file:///Library/Ruby/Gems/2.3.0/gems/cocoapods-try-1.1.0/lib" />
        <root url="file:///Library/Ruby/Gems/2.3.0/gems/cocoapods-try-1.1.0/spec" />
      </SOURCES>
      <excluded>
        <root url="file:///Library/Ruby/Gems/2.3.0/gems/cocoapods-try-1.1.0/spec" />
      </excluded>
    </library>
    <library name="colored2 (v3.1.2, ruby-2.0.0-p481) [gem]" type="rubylib">
      <properties>
        <option name="version" value="4" />
      </properties>
      <CLASSES>
        <root url="file:///Library/Ruby/Gems/2.3.0/gems/colored2-3.1.2/lib" />
        <root url="file:///Library/Ruby/Gems/2.3.0/gems/colored2-3.1.2/spec" />
      </CLASSES>
      <SOURCES>
        <root url="file:///Library/Ruby/Gems/2.3.0/gems/colored2-3.1.2/lib" />
        <root url="file:///Library/Ruby/Gems/2.3.0/gems/colored2-3.1.2/spec" />
      </SOURCES>
      <excluded>
        <root url="file:///Library/Ruby/Gems/2.3.0/gems/colored2-3.1.2/spec" />
      </excluded>
    </library>
    <library name="concurrent-ruby (v1.0.5, ruby-2.0.0-p481) [gem]" type="rubylib">
      <properties>
        <option name="version" value="4" />
      </properties>
      <CLASSES>
        <root url="file:///Library/Ruby/Gems/2.3.0/gems/concurrent-ruby-1.0.5/lib" />
      </CLASSES>
      <SOURCES>
        <root url="file:///Library/Ruby/Gems/2.3.0/gems/concurrent-ruby-1.0.5/lib" />
      </SOURCES>
    </library>
    <library name="did_you_mean (v1.0.0, ruby-2.0.0-p481) [gem]" type="rubylib">
      <properties>
        <option name="version" value="4" />
      </properties>
      <CLASSES>
        <root url="file:///Library/Ruby/Gems/2.3.0/gems/did_you_mean-1.0.0/doc" />
        <root url="file:///Library/Ruby/Gems/2.3.0/gems/did_you_mean-1.0.0/lib" />
        <root url="file:///Library/Ruby/Gems/2.3.0/gems/did_you_mean-1.0.0/test" />
        <root url="file:///Library/Ruby/Gems/2.3.0/gems/did_you_mean-1.0.0/benchmark" />
        <root url="file:///Library/Ruby/Gems/2.3.0/gems/did_you_mean-1.0.0/evaluation" />
      </CLASSES>
      <SOURCES>
        <root url="file:///Library/Ruby/Gems/2.3.0/gems/did_you_mean-1.0.0/doc" />
        <root url="file:///Library/Ruby/Gems/2.3.0/gems/did_you_mean-1.0.0/lib" />
        <root url="file:///Library/Ruby/Gems/2.3.0/gems/did_you_mean-1.0.0/test" />
        <root url="file:///Library/Ruby/Gems/2.3.0/gems/did_you_mean-1.0.0/benchmark" />
        <root url="file:///Library/Ruby/Gems/2.3.0/gems/did_you_mean-1.0.0/evaluation" />
      </SOURCES>
      <excluded>
        <root url="file:///Library/Ruby/Gems/2.3.0/gems/did_you_mean-1.0.0/doc" />
        <root url="file:///Library/Ruby/Gems/2.3.0/gems/did_you_mean-1.0.0/test" />
        <root url="file:///Library/Ruby/Gems/2.3.0/gems/did_you_mean-1.0.0/benchmark" />
        <root url="file:///Library/Ruby/Gems/2.3.0/gems/did_you_mean-1.0.0/evaluation" />
      </excluded>
    </library>
    <library name="dotenv (v2.7.2, ruby-2.0.0-p481) [gem]" type="rubylib">
      <properties>
        <option name="version" value="4" />
      </properties>
      <CLASSES>
        <root url="file:///Library/Ruby/Gems/2.3.0/gems/dotenv-2.7.2/bin" />
        <root url="file:///Library/Ruby/Gems/2.3.0/gems/dotenv-2.7.2/lib" />
      </CLASSES>
      <SOURCES>
        <root url="file:///Library/Ruby/Gems/2.3.0/gems/dotenv-2.7.2/bin" />
        <root url="file:///Library/Ruby/Gems/2.3.0/gems/dotenv-2.7.2/lib" />
      </SOURCES>
      <excluded>
        <root url="file:///Library/Ruby/Gems/2.3.0/gems/dotenv-2.7.2/bin" />
      </excluded>
    </library>
    <library name="escape (v0.0.4, ruby-2.0.0-p481) [gem]" type="rubylib">
      <properties>
        <option name="version" value="4" />
      </properties>
      <CLASSES>
        <root url="file:///Library/Ruby/Gems/2.3.0/gems/escape-0.0.4/lib" />
        <root url="file:///Library/Ruby/Gems/2.3.0/gems/escape-0.0.4/doc_include" />
      </CLASSES>
      <SOURCES>
        <root url="file:///Library/Ruby/Gems/2.3.0/gems/escape-0.0.4/lib" />
        <root url="file:///Library/Ruby/Gems/2.3.0/gems/escape-0.0.4/doc_include" />
      </SOURCES>
      <excluded>
        <root url="file:///Library/Ruby/Gems/2.3.0/gems/escape-0.0.4/doc_include" />
      </excluded>
    </library>
    <library name="ffi (v1.9.25, ruby-2.0.0-p481) [gem]" type="rubylib">
      <properties>
        <option name="version" value="4" />
      </properties>
      <CLASSES>
        <root url="file:///Library/Ruby/Gems/2.3.0/gems/ffi-1.9.25/ext" />
        <root url="file:///Library/Ruby/Gems/2.3.0/gems/ffi-1.9.25/lib" />
        <root url="file:///Library/Ruby/Gems/2.3.0/gems/ffi-1.9.25/samples" />
      </CLASSES>
      <SOURCES>
        <root url="file:///Library/Ruby/Gems/2.3.0/gems/ffi-1.9.25/ext" />
        <root url="file:///Library/Ruby/Gems/2.3.0/gems/ffi-1.9.25/lib" />
        <root url="file:///Library/Ruby/Gems/2.3.0/gems/ffi-1.9.25/samples" />
      </SOURCES>
      <excluded>
        <root url="file:///Library/Ruby/Gems/2.3.0/gems/ffi-1.9.25/ext" />
        <root url="file:///Library/Ruby/Gems/2.3.0/gems/ffi-1.9.25/samples" />
      </excluded>
    </library>
    <library name="fourflusher (v2.0.1, ruby-2.0.0-p481) [gem]" type="rubylib">
      <properties>
        <option name="version" value="4" />
      </properties>
      <CLASSES>
        <root url="file:///Library/Ruby/Gems/2.3.0/gems/fourflusher-2.0.1/bin" />
        <root url="file:///Library/Ruby/Gems/2.3.0/gems/fourflusher-2.0.1/lib" />
      </CLASSES>
      <SOURCES>
        <root url="file:///Library/Ruby/Gems/2.3.0/gems/fourflusher-2.0.1/bin" />
        <root url="file:///Library/Ruby/Gems/2.3.0/gems/fourflusher-2.0.1/lib" />
      </SOURCES>
      <excluded>
        <root url="file:///Library/Ruby/Gems/2.3.0/gems/fourflusher-2.0.1/bin" />
      </excluded>
    </library>
    <library name="fourflusher (v2.2.0, ruby-2.0.0-p481) [gem]" type="rubylib">
      <properties>
        <option name="version" value="4" />
      </properties>
      <CLASSES>
        <root url="file:///Library/Ruby/Gems/2.3.0/gems/fourflusher-2.2.0/bin" />
        <root url="file:///Library/Ruby/Gems/2.3.0/gems/fourflusher-2.2.0/lib" />
      </CLASSES>
      <SOURCES>
        <root url="file:///Library/Ruby/Gems/2.3.0/gems/fourflusher-2.2.0/bin" />
        <root url="file:///Library/Ruby/Gems/2.3.0/gems/fourflusher-2.2.0/lib" />
      </SOURCES>
      <excluded>
        <root url="file:///Library/Ruby/Gems/2.3.0/gems/fourflusher-2.2.0/bin" />
      </excluded>
    </library>
    <library name="fuzzy_match (v2.0.4, ruby-2.0.0-p481) [gem]" type="rubylib">
      <properties>
        <option name="version" value="4" />
      </properties>
      <CLASSES>
        <root url="file:///Library/Ruby/Gems/2.3.0/gems/fuzzy_match-2.0.4/bin" />
        <root url="file:///Library/Ruby/Gems/2.3.0/gems/fuzzy_match-2.0.4/lib" />
        <root url="file:///Library/Ruby/Gems/2.3.0/gems/fuzzy_match-2.0.4/spec" />
        <root url="file:///Library/Ruby/Gems/2.3.0/gems/fuzzy_match-2.0.4/benchmark" />
      </CLASSES>
      <SOURCES>
        <root url="file:///Library/Ruby/Gems/2.3.0/gems/fuzzy_match-2.0.4/bin" />
        <root url="file:///Library/Ruby/Gems/2.3.0/gems/fuzzy_match-2.0.4/lib" />
        <root url="file:///Library/Ruby/Gems/2.3.0/gems/fuzzy_match-2.0.4/spec" />
        <root url="file:///Library/Ruby/Gems/2.3.0/gems/fuzzy_match-2.0.4/benchmark" />
      </SOURCES>
      <excluded>
        <root url="file:///Library/Ruby/Gems/2.3.0/gems/fuzzy_match-2.0.4/bin" />
        <root url="file:///Library/Ruby/Gems/2.3.0/gems/fuzzy_match-2.0.4/spec" />
        <root url="file:///Library/Ruby/Gems/2.3.0/gems/fuzzy_match-2.0.4/benchmark" />
      </excluded>
    </library>
    <library name="gh_inspector (v1.0.3, ruby-2.0.0-p481) [gem]" type="rubylib">
      <properties>
        <option name="version" value="4" />
      </properties>
      <CLASSES>
        <root url="file:///Library/Ruby/Gems/2.3.0/gems/gh_inspector-1.0.3/bin" />
        <root url="file:///Library/Ruby/Gems/2.3.0/gems/gh_inspector-1.0.3/lib" />
      </CLASSES>
      <SOURCES>
        <root url="file:///Library/Ruby/Gems/2.3.0/gems/gh_inspector-1.0.3/bin" />
        <root url="file:///Library/Ruby/Gems/2.3.0/gems/gh_inspector-1.0.3/lib" />
      </SOURCES>
      <excluded>
        <root url="file:///Library/Ruby/Gems/2.3.0/gems/gh_inspector-1.0.3/bin" />
      </excluded>
    </library>
    <library name="i18n (v0.9.1, ruby-2.0.0-p481) [gem]" type="rubylib">
      <properties>
        <option name="version" value="4" />
      </properties>
      <CLASSES>
        <root url="file:///Library/Ruby/Gems/2.3.0/gems/i18n-0.9.1/lib" />
        <root url="file:///Library/Ruby/Gems/2.3.0/gems/i18n-0.9.1/test" />
        <root url="file:///Library/Ruby/Gems/2.3.0/gems/i18n-0.9.1/gemfiles" />
      </CLASSES>
      <SOURCES>
        <root url="file:///Library/Ruby/Gems/2.3.0/gems/i18n-0.9.1/lib" />
        <root url="file:///Library/Ruby/Gems/2.3.0/gems/i18n-0.9.1/test" />
        <root url="file:///Library/Ruby/Gems/2.3.0/gems/i18n-0.9.1/gemfiles" />
      </SOURCES>
      <excluded>
        <root url="file:///Library/Ruby/Gems/2.3.0/gems/i18n-0.9.1/test" />
        <root url="file:///Library/Ruby/Gems/2.3.0/gems/i18n-0.9.1/gemfiles" />
      </excluded>
    </library>
    <library name="io-console (v0.4.5, ruby-2.0.0-p481) [gem]" type="rubylib">
      <properties>
        <option name="version" value="4" />
      </properties>
      <CLASSES />
      <SOURCES />
    </library>
    <library name="json (v1.8.3.1, ruby-2.0.0-p481) [gem]" type="rubylib">
      <properties>
        <option name="version" value="4" />
      </properties>
      <CLASSES>
        <root url="file:///System/Library/Frameworks/Ruby.framework/Versions/2.3/usr/lib/ruby/2.3.0/json/add" />
      </CLASSES>
      <SOURCES>
        <root url="file:///System/Library/Frameworks/Ruby.framework/Versions/2.3/usr/lib/ruby/2.3.0/json/add" />
      </SOURCES>
      <excluded>
        <root url="file:///System/Library/Frameworks/Ruby.framework/Versions/2.3/usr/lib/ruby/2.3.0/json/add" />
      </excluded>
    </library>
    <library name="libxml-ruby (v2.9.0, ruby-2.0.0-p481) [gem]" type="rubylib">
      <properties>
        <option name="version" value="4" />
      </properties>
      <CLASSES>
        <root url="file:///System/Library/Frameworks/Ruby.framework/Versions/2.3/usr/lib/ruby/gems/2.3.0/gems/libxml-ruby-2.9.0/ext" />
        <root url="file:///System/Library/Frameworks/Ruby.framework/Versions/2.3/usr/lib/ruby/gems/2.3.0/gems/libxml-ruby-2.9.0/lib" />
      </CLASSES>
      <SOURCES>
        <root url="file:///System/Library/Frameworks/Ruby.framework/Versions/2.3/usr/lib/ruby/gems/2.3.0/gems/libxml-ruby-2.9.0/ext" />
        <root url="file:///System/Library/Frameworks/Ruby.framework/Versions/2.3/usr/lib/ruby/gems/2.3.0/gems/libxml-ruby-2.9.0/lib" />
      </SOURCES>
      <excluded>
        <root url="file:///System/Library/Frameworks/Ruby.framework/Versions/2.3/usr/lib/ruby/gems/2.3.0/gems/libxml-ruby-2.9.0/ext" />
      </excluded>
    </library>
    <library name="minitest (v5.8.5, ruby-2.0.0-p481) [gem]" type="rubylib">
      <properties>
        <option name="version" value="4" />
      </properties>
      <CLASSES>
        <root url="file:///Library/Ruby/Gems/2.3.0/gems/minitest-5.8.5/lib" />
        <root url="file:///Library/Ruby/Gems/2.3.0/gems/minitest-5.8.5/test" />
      </CLASSES>
      <SOURCES>
        <root url="file:///Library/Ruby/Gems/2.3.0/gems/minitest-5.8.5/lib" />
        <root url="file:///Library/Ruby/Gems/2.3.0/gems/minitest-5.8.5/test" />
      </SOURCES>
      <excluded>
        <root url="file:///Library/Ruby/Gems/2.3.0/gems/minitest-5.8.5/test" />
      </excluded>
    </library>
    <library name="molinillo (v0.5.7, ruby-2.0.0-p481) [gem]" type="rubylib">
      <properties>
        <option name="version" value="4" />
      </properties>
      <CLASSES>
        <root url="file:///Library/Ruby/Gems/2.3.0/gems/molinillo-0.5.7/lib" />
        <root url="file:///Library/Ruby/Gems/2.3.0/gems/molinillo-0.5.7/spec" />
      </CLASSES>
      <SOURCES>
        <root url="file:///Library/Ruby/Gems/2.3.0/gems/molinillo-0.5.7/lib" />
        <root url="file:///Library/Ruby/Gems/2.3.0/gems/molinillo-0.5.7/spec" />
      </SOURCES>
      <excluded>
        <root url="file:///Library/Ruby/Gems/2.3.0/gems/molinillo-0.5.7/spec" />
      </excluded>
    </library>
    <library name="molinillo (v0.6.6, ruby-2.0.0-p481) [gem]" type="rubylib">
      <properties>
        <option name="version" value="4" />
      </properties>
      <CLASSES>
        <root url="file:///Library/Ruby/Gems/2.3.0/gems/molinillo-0.6.6/lib" />
      </CLASSES>
      <SOURCES>
        <root url="file:///Library/Ruby/Gems/2.3.0/gems/molinillo-0.6.6/lib" />
      </SOURCES>
    </library>
    <library name="nanaimo (v0.2.3, ruby-2.0.0-p481) [gem]" type="rubylib">
      <properties>
        <option name="version" value="4" />
      </properties>
      <CLASSES>
        <root url="file:///Library/Ruby/Gems/2.3.0/gems/nanaimo-0.2.3/bin" />
        <root url="file:///Library/Ruby/Gems/2.3.0/gems/nanaimo-0.2.3/lib" />
      </CLASSES>
      <SOURCES>
        <root url="file:///Library/Ruby/Gems/2.3.0/gems/nanaimo-0.2.3/bin" />
        <root url="file:///Library/Ruby/Gems/2.3.0/gems/nanaimo-0.2.3/lib" />
      </SOURCES>
      <excluded>
        <root url="file:///Library/Ruby/Gems/2.3.0/gems/nanaimo-0.2.3/bin" />
      </excluded>
    </library>
    <library name="nanaimo (v0.2.6, ruby-2.0.0-p481) [gem]" type="rubylib">
      <properties>
        <option name="version" value="4" />
      </properties>
      <CLASSES>
        <root url="file:///Library/Ruby/Gems/2.3.0/gems/nanaimo-0.2.6/bin" />
        <root url="file:///Library/Ruby/Gems/2.3.0/gems/nanaimo-0.2.6/lib" />
      </CLASSES>
      <SOURCES>
        <root url="file:///Library/Ruby/Gems/2.3.0/gems/nanaimo-0.2.6/bin" />
        <root url="file:///Library/Ruby/Gems/2.3.0/gems/nanaimo-0.2.6/lib" />
      </SOURCES>
      <excluded>
        <root url="file:///Library/Ruby/Gems/2.3.0/gems/nanaimo-0.2.6/bin" />
      </excluded>
    </library>
    <library name="nap (v1.1.0, ruby-2.0.0-p481) [gem]" type="rubylib">
      <properties>
        <option name="version" value="4" />
      </properties>
      <CLASSES>
        <root url="file:///Library/Ruby/Gems/2.3.0/gems/nap-1.1.0/lib" />
        <root url="file:///Library/Ruby/Gems/2.3.0/gems/nap-1.1.0/support" />
      </CLASSES>
      <SOURCES>
        <root url="file:///Library/Ruby/Gems/2.3.0/gems/nap-1.1.0/lib" />
        <root url="file:///Library/Ruby/Gems/2.3.0/gems/nap-1.1.0/support" />
      </SOURCES>
      <excluded>
        <root url="file:///Library/Ruby/Gems/2.3.0/gems/nap-1.1.0/support" />
      </excluded>
    </library>
    <library name="net-telnet (v0.1.1, ruby-2.0.0-p481) [gem]" type="rubylib">
      <properties>
        <option name="version" value="4" />
      </properties>
      <CLASSES>
        <root url="file:///Library/Ruby/Gems/2.3.0/gems/net-telnet-0.1.1/bin" />
        <root url="file:///Library/Ruby/Gems/2.3.0/gems/net-telnet-0.1.1/lib" />
      </CLASSES>
      <SOURCES>
        <root url="file:///Library/Ruby/Gems/2.3.0/gems/net-telnet-0.1.1/bin" />
        <root url="file:///Library/Ruby/Gems/2.3.0/gems/net-telnet-0.1.1/lib" />
      </SOURCES>
      <excluded>
        <root url="file:///Library/Ruby/Gems/2.3.0/gems/net-telnet-0.1.1/bin" />
      </excluded>
    </library>
    <library name="netrc (v0.11.0, ruby-2.0.0-p481) [gem]" type="rubylib">
      <properties>
        <option name="version" value="4" />
      </properties>
      <CLASSES>
        <root url="file:///Library/Ruby/Gems/2.3.0/gems/netrc-0.11.0/lib" />
        <root url="file:///Library/Ruby/Gems/2.3.0/gems/netrc-0.11.0/data" />
        <root url="file:///Library/Ruby/Gems/2.3.0/gems/netrc-0.11.0/test" />
      </CLASSES>
      <SOURCES>
        <root url="file:///Library/Ruby/Gems/2.3.0/gems/netrc-0.11.0/lib" />
        <root url="file:///Library/Ruby/Gems/2.3.0/gems/netrc-0.11.0/data" />
        <root url="file:///Library/Ruby/Gems/2.3.0/gems/netrc-0.11.0/test" />
      </SOURCES>
      <excluded>
        <root url="file:///Library/Ruby/Gems/2.3.0/gems/netrc-0.11.0/data" />
        <root url="file:///Library/Ruby/Gems/2.3.0/gems/netrc-0.11.0/test" />
      </excluded>
    </library>
    <library name="nokogiri (v1.5.6, ruby-2.0.0-p481) [gem]" type="rubylib">
      <properties>
        <option name="version" value="4" />
      </properties>
      <CLASSES>
        <root url="file:///System/Library/Frameworks/Ruby.framework/Versions/2.3/usr/lib/ruby/gems/2.3.0/gems/nokogiri-1.5.6/bin" />
        <root url="file:///System/Library/Frameworks/Ruby.framework/Versions/2.3/usr/lib/ruby/gems/2.3.0/gems/nokogiri-1.5.6/ext" />
        <root url="file:///System/Library/Frameworks/Ruby.framework/Versions/2.3/usr/lib/ruby/gems/2.3.0/gems/nokogiri-1.5.6/lib" />
        <root url="file:///System/Library/Frameworks/Ruby.framework/Versions/2.3/usr/lib/ruby/gems/2.3.0/gems/nokogiri-1.5.6/tasks" />
      </CLASSES>
      <SOURCES>
        <root url="file:///System/Library/Frameworks/Ruby.framework/Versions/2.3/usr/lib/ruby/gems/2.3.0/gems/nokogiri-1.5.6/bin" />
        <root url="file:///System/Library/Frameworks/Ruby.framework/Versions/2.3/usr/lib/ruby/gems/2.3.0/gems/nokogiri-1.5.6/ext" />
        <root url="file:///System/Library/Frameworks/Ruby.framework/Versions/2.3/usr/lib/ruby/gems/2.3.0/gems/nokogiri-1.5.6/lib" />
        <root url="file:///System/Library/Frameworks/Ruby.framework/Versions/2.3/usr/lib/ruby/gems/2.3.0/gems/nokogiri-1.5.6/tasks" />
      </SOURCES>
      <excluded>
        <root url="file:///System/Library/Frameworks/Ruby.framework/Versions/2.3/usr/lib/ruby/gems/2.3.0/gems/nokogiri-1.5.6/bin" />
        <root url="file:///System/Library/Frameworks/Ruby.framework/Versions/2.3/usr/lib/ruby/gems/2.3.0/gems/nokogiri-1.5.6/ext" />
        <root url="file:///System/Library/Frameworks/Ruby.framework/Versions/2.3/usr/lib/ruby/gems/2.3.0/gems/nokogiri-1.5.6/tasks" />
      </excluded>
    </library>
    <library name="osx_keychain (v1.0.2, ruby-2.0.0-p481) [gem]" type="rubylib">
      <properties>
        <option name="version" value="4" />
      </properties>
      <CLASSES>
        <root url="file:///Library/Ruby/Gems/2.3.0/gems/osx_keychain-1.0.2/bin" />
        <root url="file:///Library/Ruby/Gems/2.3.0/gems/osx_keychain-1.0.2/lib" />
        <root url="file:///Library/Ruby/Gems/2.3.0/gems/osx_keychain-1.0.2/test" />
      </CLASSES>
      <SOURCES>
        <root url="file:///Library/Ruby/Gems/2.3.0/gems/osx_keychain-1.0.2/bin" />
        <root url="file:///Library/Ruby/Gems/2.3.0/gems/osx_keychain-1.0.2/lib" />
        <root url="file:///Library/Ruby/Gems/2.3.0/gems/osx_keychain-1.0.2/test" />
      </SOURCES>
      <excluded>
        <root url="file:///Library/Ruby/Gems/2.3.0/gems/osx_keychain-1.0.2/bin" />
        <root url="file:///Library/Ruby/Gems/2.3.0/gems/osx_keychain-1.0.2/test" />
      </excluded>
    </library>
    <library name="power_assert (v0.2.6, ruby-2.0.0-p481) [gem]" type="rubylib">
      <properties>
        <option name="version" value="4" />
      </properties>
      <CLASSES>
        <root url="file:///Library/Ruby/Gems/2.3.0/gems/power_assert-0.2.6/lib" />
        <root url="file:///Library/Ruby/Gems/2.3.0/gems/power_assert-0.2.6/test" />
      </CLASSES>
      <SOURCES>
        <root url="file:///Library/Ruby/Gems/2.3.0/gems/power_assert-0.2.6/lib" />
        <root url="file:///Library/Ruby/Gems/2.3.0/gems/power_assert-0.2.6/test" />
      </SOURCES>
      <excluded>
        <root url="file:///Library/Ruby/Gems/2.3.0/gems/power_assert-0.2.6/test" />
      </excluded>
    </library>
    <library name="psych (v2.1.0.1, ruby-2.0.0-p481) [gem]" type="rubylib">
      <properties>
        <option name="version" value="4" />
      </properties>
      <CLASSES>
        <root url="file:///System/Library/Frameworks/Ruby.framework/Versions/2.3/usr/lib/ruby/2.3.0/psych/json" />
        <root url="file:///System/Library/Frameworks/Ruby.framework/Versions/2.3/usr/lib/ruby/2.3.0/psych/nodes" />
        <root url="file:///System/Library/Frameworks/Ruby.framework/Versions/2.3/usr/lib/ruby/2.3.0/psych/handlers" />
        <root url="file:///System/Library/Frameworks/Ruby.framework/Versions/2.3/usr/lib/ruby/2.3.0/psych/visitors" />
      </CLASSES>
      <SOURCES>
        <root url="file:///System/Library/Frameworks/Ruby.framework/Versions/2.3/usr/lib/ruby/2.3.0/psych/json" />
        <root url="file:///System/Library/Frameworks/Ruby.framework/Versions/2.3/usr/lib/ruby/2.3.0/psych/nodes" />
        <root url="file:///System/Library/Frameworks/Ruby.framework/Versions/2.3/usr/lib/ruby/2.3.0/psych/handlers" />
        <root url="file:///System/Library/Frameworks/Ruby.framework/Versions/2.3/usr/lib/ruby/2.3.0/psych/visitors" />
      </SOURCES>
      <excluded>
        <root url="file:///System/Library/Frameworks/Ruby.framework/Versions/2.3/usr/lib/ruby/2.3.0/psych/json" />
        <root url="file:///System/Library/Frameworks/Ruby.framework/Versions/2.3/usr/lib/ruby/2.3.0/psych/nodes" />
        <root url="file:///System/Library/Frameworks/Ruby.framework/Versions/2.3/usr/lib/ruby/2.3.0/psych/handlers" />
        <root url="file:///System/Library/Frameworks/Ruby.framework/Versions/2.3/usr/lib/ruby/2.3.0/psych/visitors" />
      </excluded>
    </library>
    <library name="rake (v10.4.2, ruby-2.0.0-p481) [gem]" type="rubylib">
      <properties>
        <option name="version" value="4" />
      </properties>
      <CLASSES>
        <root url="file:///Library/Ruby/Gems/2.3.0/gems/rake-10.4.2/bin" />
        <root url="file:///Library/Ruby/Gems/2.3.0/gems/rake-10.4.2/doc" />
        <root url="file:///Library/Ruby/Gems/2.3.0/gems/rake-10.4.2/lib" />
        <root url="file:///Library/Ruby/Gems/2.3.0/gems/rake-10.4.2/test" />
        <root url="file:///Library/Ruby/Gems/2.3.0/gems/rake-10.4.2/rakelib" />
      </CLASSES>
      <SOURCES>
        <root url="file:///Library/Ruby/Gems/2.3.0/gems/rake-10.4.2/bin" />
        <root url="file:///Library/Ruby/Gems/2.3.0/gems/rake-10.4.2/doc" />
        <root url="file:///Library/Ruby/Gems/2.3.0/gems/rake-10.4.2/lib" />
        <root url="file:///Library/Ruby/Gems/2.3.0/gems/rake-10.4.2/test" />
        <root url="file:///Library/Ruby/Gems/2.3.0/gems/rake-10.4.2/rakelib" />
      </SOURCES>
      <excluded>
        <root url="file:///Library/Ruby/Gems/2.3.0/gems/rake-10.4.2/bin" />
        <root url="file:///Library/Ruby/Gems/2.3.0/gems/rake-10.4.2/doc" />
        <root url="file:///Library/Ruby/Gems/2.3.0/gems/rake-10.4.2/test" />
        <root url="file:///Library/Ruby/Gems/2.3.0/gems/rake-10.4.2/rakelib" />
      </excluded>
    </library>
    <library name="rb-fsevent (v0.10.3, ruby-2.0.0-p481) [gem]" type="rubylib">
      <properties>
        <option name="version" value="4" />
      </properties>
      <CLASSES>
        <root url="file:///Library/Ruby/Gems/2.3.0/gems/rb-fsevent-0.10.3/bin" />
        <root url="file:///Library/Ruby/Gems/2.3.0/gems/rb-fsevent-0.10.3/ext" />
        <root url="file:///Library/Ruby/Gems/2.3.0/gems/rb-fsevent-0.10.3/lib" />
      </CLASSES>
      <SOURCES>
        <root url="file:///Library/Ruby/Gems/2.3.0/gems/rb-fsevent-0.10.3/bin" />
        <root url="file:///Library/Ruby/Gems/2.3.0/gems/rb-fsevent-0.10.3/ext" />
        <root url="file:///Library/Ruby/Gems/2.3.0/gems/rb-fsevent-0.10.3/lib" />
      </SOURCES>
      <excluded>
        <root url="file:///Library/Ruby/Gems/2.3.0/gems/rb-fsevent-0.10.3/bin" />
        <root url="file:///Library/Ruby/Gems/2.3.0/gems/rb-fsevent-0.10.3/ext" />
      </excluded>
    </library>
    <library name="rb-inotify (v0.9.10, ruby-2.0.0-p481) [gem]" type="rubylib">
      <properties>
        <option name="version" value="4" />
      </properties>
      <CLASSES>
        <root url="file:///Library/Ruby/Gems/2.3.0/gems/rb-inotify-0.9.10/lib" />
        <root url="file:///Library/Ruby/Gems/2.3.0/gems/rb-inotify-0.9.10/spec" />
      </CLASSES>
      <SOURCES>
        <root url="file:///Library/Ruby/Gems/2.3.0/gems/rb-inotify-0.9.10/lib" />
        <root url="file:///Library/Ruby/Gems/2.3.0/gems/rb-inotify-0.9.10/spec" />
      </SOURCES>
      <excluded>
        <root url="file:///Library/Ruby/Gems/2.3.0/gems/rb-inotify-0.9.10/spec" />
      </excluded>
    </library>
    <library name="rdoc (v4.2.1, ruby-2.0.0-p481) [gem]" type="rubylib">
      <properties>
        <option name="version" value="4" />
      </properties>
      <CLASSES>
        <root url="file:///System/Library/Frameworks/Ruby.framework/Versions/2.3/usr/lib/ruby/2.3.0/rdoc/rd" />
        <root url="file:///System/Library/Frameworks/Ruby.framework/Versions/2.3/usr/lib/ruby/2.3.0/rdoc/ri" />
        <root url="file:///System/Library/Frameworks/Ruby.framework/Versions/2.3/usr/lib/ruby/2.3.0/rdoc/i18n" />
        <root url="file:///System/Library/Frameworks/Ruby.framework/Versions/2.3/usr/lib/ruby/2.3.0/rdoc/stats" />
        <root url="file:///System/Library/Frameworks/Ruby.framework/Versions/2.3/usr/lib/ruby/2.3.0/rdoc/markup" />
        <root url="file:///System/Library/Frameworks/Ruby.framework/Versions/2.3/usr/lib/ruby/2.3.0/rdoc/parser" />
        <root url="file:///System/Library/Frameworks/Ruby.framework/Versions/2.3/usr/lib/ruby/2.3.0/rdoc/context" />
        <root url="file:///System/Library/Frameworks/Ruby.framework/Versions/2.3/usr/lib/ruby/2.3.0/rdoc/markdown" />
        <root url="file:///System/Library/Frameworks/Ruby.framework/Versions/2.3/usr/lib/ruby/2.3.0/rdoc/generator" />
      </CLASSES>
      <SOURCES>
        <root url="file:///System/Library/Frameworks/Ruby.framework/Versions/2.3/usr/lib/ruby/2.3.0/rdoc/rd" />
        <root url="file:///System/Library/Frameworks/Ruby.framework/Versions/2.3/usr/lib/ruby/2.3.0/rdoc/ri" />
        <root url="file:///System/Library/Frameworks/Ruby.framework/Versions/2.3/usr/lib/ruby/2.3.0/rdoc/i18n" />
        <root url="file:///System/Library/Frameworks/Ruby.framework/Versions/2.3/usr/lib/ruby/2.3.0/rdoc/stats" />
        <root url="file:///System/Library/Frameworks/Ruby.framework/Versions/2.3/usr/lib/ruby/2.3.0/rdoc/markup" />
        <root url="file:///System/Library/Frameworks/Ruby.framework/Versions/2.3/usr/lib/ruby/2.3.0/rdoc/parser" />
        <root url="file:///System/Library/Frameworks/Ruby.framework/Versions/2.3/usr/lib/ruby/2.3.0/rdoc/context" />
        <root url="file:///System/Library/Frameworks/Ruby.framework/Versions/2.3/usr/lib/ruby/2.3.0/rdoc/markdown" />
        <root url="file:///System/Library/Frameworks/Ruby.framework/Versions/2.3/usr/lib/ruby/2.3.0/rdoc/generator" />
      </SOURCES>
      <excluded>
        <root url="file:///System/Library/Frameworks/Ruby.framework/Versions/2.3/usr/lib/ruby/2.3.0/rdoc/rd" />
        <root url="file:///System/Library/Frameworks/Ruby.framework/Versions/2.3/usr/lib/ruby/2.3.0/rdoc/ri" />
        <root url="file:///System/Library/Frameworks/Ruby.framework/Versions/2.3/usr/lib/ruby/2.3.0/rdoc/i18n" />
        <root url="file:///System/Library/Frameworks/Ruby.framework/Versions/2.3/usr/lib/ruby/2.3.0/rdoc/stats" />
        <root url="file:///System/Library/Frameworks/Ruby.framework/Versions/2.3/usr/lib/ruby/2.3.0/rdoc/markup" />
        <root url="file:///System/Library/Frameworks/Ruby.framework/Versions/2.3/usr/lib/ruby/2.3.0/rdoc/parser" />
        <root url="file:///System/Library/Frameworks/Ruby.framework/Versions/2.3/usr/lib/ruby/2.3.0/rdoc/context" />
        <root url="file:///System/Library/Frameworks/Ruby.framework/Versions/2.3/usr/lib/ruby/2.3.0/rdoc/markdown" />
        <root url="file:///System/Library/Frameworks/Ruby.framework/Versions/2.3/usr/lib/ruby/2.3.0/rdoc/generator" />
      </excluded>
    </library>
    <library name="ruby-macho (v1.1.0, ruby-2.0.0-p481) [gem]" type="rubylib">
      <properties>
        <option name="version" value="4" />
      </properties>
      <CLASSES>
        <root url="file:///Library/Ruby/Gems/2.3.0/gems/ruby-macho-1.1.0/lib" />
      </CLASSES>
      <SOURCES>
        <root url="file:///Library/Ruby/Gems/2.3.0/gems/ruby-macho-1.1.0/lib" />
      </SOURCES>
    </library>
    <library name="ruby-macho (v1.3.1, ruby-2.0.0-p481) [gem]" type="rubylib">
      <properties>
        <option name="version" value="4" />
      </properties>
      <CLASSES>
        <root url="file:///Library/Ruby/Gems/2.3.0/gems/ruby-macho-1.3.1/lib" />
      </CLASSES>
      <SOURCES>
        <root url="file:///Library/Ruby/Gems/2.3.0/gems/ruby-macho-1.3.1/lib" />
      </SOURCES>
    </library>
    <library name="ruby-macho (v1.4.0, ruby-2.0.0-p481) [gem]" type="rubylib">
      <properties>
        <option name="version" value="4" />
      </properties>
      <CLASSES>
        <root url="file:///Library/Ruby/Gems/2.3.0/gems/ruby-macho-1.4.0/lib" />
      </CLASSES>
      <SOURCES>
        <root url="file:///Library/Ruby/Gems/2.3.0/gems/ruby-macho-1.4.0/lib" />
      </SOURCES>
    </library>
    <library name="RubyInline (v3.12.4, ruby-2.0.0-p481) [gem]" type="rubylib">
      <properties>
        <option name="version" value="4" />
      </properties>
      <CLASSES>
        <root url="file:///Library/Ruby/Gems/2.3.0/gems/RubyInline-3.12.4/lib" />
        <root url="file:///Library/Ruby/Gems/2.3.0/gems/RubyInline-3.12.4/demo" />
        <root url="file:///Library/Ruby/Gems/2.3.0/gems/RubyInline-3.12.4/test" />
        <root url="file:///Library/Ruby/Gems/2.3.0/gems/RubyInline-3.12.4/tutorial" />
      </CLASSES>
      <SOURCES>
        <root url="file:///Library/Ruby/Gems/2.3.0/gems/RubyInline-3.12.4/lib" />
        <root url="file:///Library/Ruby/Gems/2.3.0/gems/RubyInline-3.12.4/demo" />
        <root url="file:///Library/Ruby/Gems/2.3.0/gems/RubyInline-3.12.4/test" />
        <root url="file:///Library/Ruby/Gems/2.3.0/gems/RubyInline-3.12.4/tutorial" />
      </SOURCES>
      <excluded>
        <root url="file:///Library/Ruby/Gems/2.3.0/gems/RubyInline-3.12.4/demo" />
        <root url="file:///Library/Ruby/Gems/2.3.0/gems/RubyInline-3.12.4/test" />
        <root url="file:///Library/Ruby/Gems/2.3.0/gems/RubyInline-3.12.4/tutorial" />
      </excluded>
    </library>
    <library name="sass (v3.5.7, ruby-2.0.0-p481) [gem]" type="rubylib">
      <properties>
        <option name="version" value="4" />
      </properties>
      <CLASSES>
        <root url="file:///Library/Ruby/Gems/2.3.0/gems/sass-3.5.7/bin" />
        <root url="file:///Library/Ruby/Gems/2.3.0/gems/sass-3.5.7/lib" />
        <root url="file:///Library/Ruby/Gems/2.3.0/gems/sass-3.5.7/test" />
        <root url="file:///Library/Ruby/Gems/2.3.0/gems/sass-3.5.7/extra" />
        <root url="file:///Library/Ruby/Gems/2.3.0/gems/sass-3.5.7/rails" />
      </CLASSES>
      <SOURCES>
        <root url="file:///Library/Ruby/Gems/2.3.0/gems/sass-3.5.7/bin" />
        <root url="file:///Library/Ruby/Gems/2.3.0/gems/sass-3.5.7/lib" />
        <root url="file:///Library/Ruby/Gems/2.3.0/gems/sass-3.5.7/test" />
        <root url="file:///Library/Ruby/Gems/2.3.0/gems/sass-3.5.7/extra" />
        <root url="file:///Library/Ruby/Gems/2.3.0/gems/sass-3.5.7/rails" />
      </SOURCES>
      <excluded>
        <root url="file:///Library/Ruby/Gems/2.3.0/gems/sass-3.5.7/bin" />
        <root url="file:///Library/Ruby/Gems/2.3.0/gems/sass-3.5.7/test" />
        <root url="file:///Library/Ruby/Gems/2.3.0/gems/sass-3.5.7/extra" />
        <root url="file:///Library/Ruby/Gems/2.3.0/gems/sass-3.5.7/rails" />
      </excluded>
    </library>
    <library name="sass-listen (v4.0.0, ruby-2.0.0-p481) [gem]" type="rubylib">
      <properties>
        <option name="version" value="4" />
      </properties>
      <CLASSES>
        <root url="file:///Library/Ruby/Gems/2.3.0/gems/sass-listen-4.0.0/lib" />
      </CLASSES>
      <SOURCES>
        <root url="file:///Library/Ruby/Gems/2.3.0/gems/sass-listen-4.0.0/lib" />
      </SOURCES>
    </library>
    <library name="sqlite3 (v1.3.11, ruby-2.0.0-p481) [gem]" type="rubylib">
      <properties>
        <option name="version" value="4" />
      </properties>
      <CLASSES>
        <root url="file:///System/Library/Frameworks/Ruby.framework/Versions/2.3/usr/lib/ruby/gems/2.3.0/gems/sqlite3-1.3.11/ext" />
        <root url="file:///System/Library/Frameworks/Ruby.framework/Versions/2.3/usr/lib/ruby/gems/2.3.0/gems/sqlite3-1.3.11/faq" />
        <root url="file:///System/Library/Frameworks/Ruby.framework/Versions/2.3/usr/lib/ruby/gems/2.3.0/gems/sqlite3-1.3.11/lib" />
        <root url="file:///System/Library/Frameworks/Ruby.framework/Versions/2.3/usr/lib/ruby/gems/2.3.0/gems/sqlite3-1.3.11/tasks" />
      </CLASSES>
      <SOURCES>
        <root url="file:///System/Library/Frameworks/Ruby.framework/Versions/2.3/usr/lib/ruby/gems/2.3.0/gems/sqlite3-1.3.11/ext" />
        <root url="file:///System/Library/Frameworks/Ruby.framework/Versions/2.3/usr/lib/ruby/gems/2.3.0/gems/sqlite3-1.3.11/faq" />
        <root url="file:///System/Library/Frameworks/Ruby.framework/Versions/2.3/usr/lib/ruby/gems/2.3.0/gems/sqlite3-1.3.11/lib" />
        <root url="file:///System/Library/Frameworks/Ruby.framework/Versions/2.3/usr/lib/ruby/gems/2.3.0/gems/sqlite3-1.3.11/tasks" />
      </SOURCES>
      <excluded>
        <root url="file:///System/Library/Frameworks/Ruby.framework/Versions/2.3/usr/lib/ruby/gems/2.3.0/gems/sqlite3-1.3.11/ext" />
        <root url="file:///System/Library/Frameworks/Ruby.framework/Versions/2.3/usr/lib/ruby/gems/2.3.0/gems/sqlite3-1.3.11/faq" />
        <root url="file:///System/Library/Frameworks/Ruby.framework/Versions/2.3/usr/lib/ruby/gems/2.3.0/gems/sqlite3-1.3.11/tasks" />
      </excluded>
    </library>
    <library name="test-unit (v3.1.5, ruby-2.0.0-p481) [gem]" type="rubylib">
      <properties>
        <option name="version" value="4" />
      </properties>
      <CLASSES>
        <root url="file:///Library/Ruby/Gems/2.3.0/gems/test-unit-3.1.5/doc" />
        <root url="file:///Library/Ruby/Gems/2.3.0/gems/test-unit-3.1.5/lib" />
        <root url="file:///Library/Ruby/Gems/2.3.0/gems/test-unit-3.1.5/test" />
        <root url="file:///Library/Ruby/Gems/2.3.0/gems/test-unit-3.1.5/sample" />
      </CLASSES>
      <SOURCES>
        <root url="file:///Library/Ruby/Gems/2.3.0/gems/test-unit-3.1.5/doc" />
        <root url="file:///Library/Ruby/Gems/2.3.0/gems/test-unit-3.1.5/lib" />
        <root url="file:///Library/Ruby/Gems/2.3.0/gems/test-unit-3.1.5/test" />
        <root url="file:///Library/Ruby/Gems/2.3.0/gems/test-unit-3.1.5/sample" />
      </SOURCES>
      <excluded>
        <root url="file:///Library/Ruby/Gems/2.3.0/gems/test-unit-3.1.5/doc" />
        <root url="file:///Library/Ruby/Gems/2.3.0/gems/test-unit-3.1.5/test" />
        <root url="file:///Library/Ruby/Gems/2.3.0/gems/test-unit-3.1.5/sample" />
      </excluded>
    </library>
    <library name="thread_safe (v0.3.6, ruby-2.0.0-p481) [gem]" type="rubylib">
      <properties>
        <option name="version" value="4" />
      </properties>
      <CLASSES>
        <root url="file:///Library/Ruby/Gems/2.3.0/gems/thread_safe-0.3.6/ext" />
        <root url="file:///Library/Ruby/Gems/2.3.0/gems/thread_safe-0.3.6/lib" />
        <root url="file:///Library/Ruby/Gems/2.3.0/gems/thread_safe-0.3.6/spec" />
        <root url="file:///Library/Ruby/Gems/2.3.0/gems/thread_safe-0.3.6/tasks" />
        <root url="file:///Library/Ruby/Gems/2.3.0/gems/thread_safe-0.3.6/examples" />
        <root url="file:///Library/Ruby/Gems/2.3.0/gems/thread_safe-0.3.6/yard-template" />
      </CLASSES>
      <SOURCES>
        <root url="file:///Library/Ruby/Gems/2.3.0/gems/thread_safe-0.3.6/ext" />
        <root url="file:///Library/Ruby/Gems/2.3.0/gems/thread_safe-0.3.6/lib" />
        <root url="file:///Library/Ruby/Gems/2.3.0/gems/thread_safe-0.3.6/spec" />
        <root url="file:///Library/Ruby/Gems/2.3.0/gems/thread_safe-0.3.6/tasks" />
        <root url="file:///Library/Ruby/Gems/2.3.0/gems/thread_safe-0.3.6/examples" />
        <root url="file:///Library/Ruby/Gems/2.3.0/gems/thread_safe-0.3.6/yard-template" />
      </SOURCES>
      <excluded>
        <root url="file:///Library/Ruby/Gems/2.3.0/gems/thread_safe-0.3.6/ext" />
        <root url="file:///Library/Ruby/Gems/2.3.0/gems/thread_safe-0.3.6/spec" />
        <root url="file:///Library/Ruby/Gems/2.3.0/gems/thread_safe-0.3.6/tasks" />
        <root url="file:///Library/Ruby/Gems/2.3.0/gems/thread_safe-0.3.6/examples" />
        <root url="file:///Library/Ruby/Gems/2.3.0/gems/thread_safe-0.3.6/yard-template" />
      </excluded>
    </library>
    <library name="tzinfo (v1.2.4, ruby-2.0.0-p481) [gem]" type="rubylib">
      <properties>
        <option name="version" value="4" />
      </properties>
      <CLASSES>
        <root url="file:///Library/Ruby/Gems/2.3.0/gems/tzinfo-1.2.4/lib" />
        <root url="file:///Library/Ruby/Gems/2.3.0/gems/tzinfo-1.2.4/test" />
      </CLASSES>
      <SOURCES>
        <root url="file:///Library/Ruby/Gems/2.3.0/gems/tzinfo-1.2.4/lib" />
        <root url="file:///Library/Ruby/Gems/2.3.0/gems/tzinfo-1.2.4/test" />
      </SOURCES>
      <excluded>
        <root url="file:///Library/Ruby/Gems/2.3.0/gems/tzinfo-1.2.4/test" />
      </excluded>
    </library>
    <library name="xcodeproj (v1.5.3, ruby-2.0.0-p481) [gem]" type="rubylib">
      <properties>
        <option name="version" value="4" />
      </properties>
      <CLASSES>
        <root url="file:///Library/Ruby/Gems/2.3.0/gems/xcodeproj-1.5.3/bin" />
        <root url="file:///Library/Ruby/Gems/2.3.0/gems/xcodeproj-1.5.3/lib" />
      </CLASSES>
      <SOURCES>
        <root url="file:///Library/Ruby/Gems/2.3.0/gems/xcodeproj-1.5.3/bin" />
        <root url="file:///Library/Ruby/Gems/2.3.0/gems/xcodeproj-1.5.3/lib" />
      </SOURCES>
      <excluded>
        <root url="file:///Library/Ruby/Gems/2.3.0/gems/xcodeproj-1.5.3/bin" />
      </excluded>
    </library>
    <library name="xcodeproj (v1.6.0, ruby-2.0.0-p481) [gem]" type="rubylib">
      <properties>
        <option name="version" value="4" />
      </properties>
      <CLASSES>
        <root url="file:///Library/Ruby/Gems/2.3.0/gems/xcodeproj-1.6.0/bin" />
        <root url="file:///Library/Ruby/Gems/2.3.0/gems/xcodeproj-1.6.0/lib" />
      </CLASSES>
      <SOURCES>
        <root url="file:///Library/Ruby/Gems/2.3.0/gems/xcodeproj-1.6.0/bin" />
        <root url="file:///Library/Ruby/Gems/2.3.0/gems/xcodeproj-1.6.0/lib" />
      </SOURCES>
      <excluded>
        <root url="file:///Library/Ruby/Gems/2.3.0/gems/xcodeproj-1.6.0/bin" />
      </excluded>
    </library>
    <library name="xcodeproj (v1.8.0, ruby-2.0.0-p481) [gem]" type="rubylib">
      <properties>
        <option name="version" value="4" />
      </properties>
      <CLASSES>
        <root url="file:///Library/Ruby/Gems/2.3.0/gems/xcodeproj-1.8.0/bin" />
        <root url="file:///Library/Ruby/Gems/2.3.0/gems/xcodeproj-1.8.0/lib" />
      </CLASSES>
      <SOURCES>
        <root url="file:///Library/Ruby/Gems/2.3.0/gems/xcodeproj-1.8.0/bin" />
        <root url="file:///Library/Ruby/Gems/2.3.0/gems/xcodeproj-1.8.0/lib" />
      </SOURCES>
      <excluded>
        <root url="file:///Library/Ruby/Gems/2.3.0/gems/xcodeproj-1.8.0/bin" />
      </excluded>
    </library>
    <library name="xcodeproj (v1.8.2, ruby-2.0.0-p481) [gem]" type="rubylib">
      <properties>
        <option name="version" value="4" />
      </properties>
      <CLASSES>
        <root url="file:///Library/Ruby/Gems/2.3.0/gems/xcodeproj-1.8.2/bin" />
        <root url="file:///Library/Ruby/Gems/2.3.0/gems/xcodeproj-1.8.2/lib" />
      </CLASSES>
      <SOURCES>
        <root url="file:///Library/Ruby/Gems/2.3.0/gems/xcodeproj-1.8.2/bin" />
        <root url="file:///Library/Ruby/Gems/2.3.0/gems/xcodeproj-1.8.2/lib" />
      </SOURCES>
      <excluded>
        <root url="file:///Library/Ruby/Gems/2.3.0/gems/xcodeproj-1.8.2/bin" />
      </excluded>
    </library>
    <library name="ZenTest (v4.11.2, ruby-2.0.0-p481) [gem]" type="rubylib">
      <properties>
        <option name="version" value="4" />
      </properties>
      <CLASSES>
        <root url="file:///Library/Ruby/Gems/2.3.0/gems/ZenTest-4.11.2/bin" />
        <root url="file:///Library/Ruby/Gems/2.3.0/gems/ZenTest-4.11.2/lib" />
        <root url="file:///Library/Ruby/Gems/2.3.0/gems/ZenTest-4.11.2/test" />
        <root url="file:///Library/Ruby/Gems/2.3.0/gems/ZenTest-4.11.2/articles" />
      </CLASSES>
      <SOURCES>
        <root url="file:///Library/Ruby/Gems/2.3.0/gems/ZenTest-4.11.2/bin" />
        <root url="file:///Library/Ruby/Gems/2.3.0/gems/ZenTest-4.11.2/lib" />
        <root url="file:///Library/Ruby/Gems/2.3.0/gems/ZenTest-4.11.2/test" />
        <root url="file:///Library/Ruby/Gems/2.3.0/gems/ZenTest-4.11.2/articles" />
      </SOURCES>
      <excluded>
        <root url="file:///Library/Ruby/Gems/2.3.0/gems/ZenTest-4.11.2/bin" />
        <root url="file:///Library/Ruby/Gems/2.3.0/gems/ZenTest-4.11.2/test" />
        <root url="file:///Library/Ruby/Gems/2.3.0/gems/ZenTest-4.11.2/articles" />
      </excluded>
    </library>
  </component>
</application>