<application>
  <component name="KeyPromoterXStatistic">
    <option name="statistics">
      <Statistic Action="Commit Message History">
        <Item>
          <IdeaActionID>Vcs.ShowMessageHistory</IdeaActionID>
          <ShortCut>'⌃M' or '⌘E'</ShortCut>
          <Description>Commit Message History</Description>
          <Count>2</Count>
        </Item>
      </Statistic>
      <Statistic Action="Commit...">
        <Item>
          <IdeaActionID>CheckinProject</IdeaActionID>
          <ShortCut>'⌘K'</ShortCut>
          <Description>Commit...</Description>
          <Count>98</Count>
        </Item>
      </Statistic>
      <Statistic Action="Declaration">
        <Item>
          <IdeaActionID>GotoDeclaration</IdeaActionID>
          <ShortCut>'⌘B'</ShortCut>
          <Description>Declaration</Description>
          <Count>260</Count>
        </Item>
      </Statistic>
      <Statistic Action="Delete...">
        <Item>
          <IdeaActionID>$Delete</IdeaActionID>
          <ShortCut>'⌦' or '⌫' or '⌘⌫'</ShortCut>
          <Description>Delete...</Description>
          <Count>1</Count>
        </Item>
      </Statistic>
      <Statistic Action="Find Usages">
        <Item>
          <IdeaActionID>FindUsages</IdeaActionID>
          <ShortCut>'⌥F7'</ShortCut>
          <Description>Find Usages</Description>
          <Count>10</Count>
        </Item>
      </Statistic>
      <Statistic Action="Move...">
        <Item>
          <IdeaActionID>Move</IdeaActionID>
          <ShortCut>'F6'</ShortCut>
          <Description>Move...</Description>
          <Count>2</Count>
        </Item>
      </Statistic>
      <Statistic Action="Push...">
        <Item>
          <IdeaActionID>Vcs.Push</IdeaActionID>
          <ShortCut>'⇧⌘K'</ShortCut>
          <Description>Push...</Description>
          <Count>1</Count>
        </Item>
      </Statistic>
      <Statistic Action="Rename...">
        <Item>
          <IdeaActionID>RenameElement</IdeaActionID>
          <ShortCut>'⇧F6'</ShortCut>
          <Description>Rename...</Description>
          <Count>1</Count>
        </Item>
      </Statistic>
      <Statistic Action="Rerun 'TaskerLab'">
        <Item>
          <IdeaActionID>Rerun</IdeaActionID>
          <ShortCut>'⌘R'</ShortCut>
          <Description>Rerun 'TaskerLab'</Description>
          <Count>90</Count>
        </Item>
      </Statistic>
      <Statistic Action="Revert...">
        <Item>
          <IdeaActionID>ChangesView.Revert</IdeaActionID>
          <ShortCut>'⌥⌘Z'</ShortCut>
          <Description>Revert...</Description>
          <Count>3</Count>
        </Item>
      </Statistic>
      <Statistic Action="Run">
        <Item>
          <IdeaActionID>ActivateRunToolWindow</IdeaActionID>
          <ShortCut>'⌘4'</ShortCut>
          <Description>Run</Description>
          <Count>3</Count>
        </Item>
      </Statistic>
      <Statistic Action="Run 'TaskerLab'">
        <Item>
          <IdeaActionID>Run</IdeaActionID>
          <ShortCut>'⌃R'</ShortCut>
          <Description>Run 'TaskerLab'</Description>
          <Count>24</Count>
        </Item>
      </Statistic>
      <Statistic Action="Stop 'TaskerLab'">
        <Item>
          <IdeaActionID>Stop</IdeaActionID>
          <ShortCut>'⌘F2'</ShortCut>
          <Description>Stop 'TaskerLab'</Description>
          <Count>8</Count>
        </Item>
      </Statistic>
      <Statistic Action="Terminal">
        <Item>
          <IdeaActionID>ActivateTerminalToolWindow</IdeaActionID>
          <ShortCut>'⌥F12'</ShortCut>
          <Description>Terminal</Description>
          <Count>2</Count>
        </Item>
      </Statistic>
      <Statistic Action="Toggle Line Breakpoint">
        <Item>
          <IdeaActionID>ToggleLineBreakpoint</IdeaActionID>
          <ShortCut>'⌘F8'</ShortCut>
          <Description>Toggle Line Breakpoint</Description>
          <Count>5</Count>
        </Item>
      </Statistic>
      <Statistic Action="Version Control">
        <Item>
          <IdeaActionID>ActivateVersionControlToolWindow</IdeaActionID>
          <ShortCut>'⌘9' or '⇧⌘9'</ShortCut>
          <Description>Version Control</Description>
          <Count>12</Count>
        </Item>
      </Statistic>
    </option>
  </component>
</application>