<application>
  <component name="com.intellij.ide.ui.customization.CustomActionsSchema">
    <group value="PublishGroup.Download" is_action="true" action_type="1" position="22">
      <path value="root" />
      <path value="Main Toolbar" />
      <option name="myInitialPosition" value="-1" />
    </group>
    <group value="PublishGroup.CompareLocalVsRemote" is_action="true" action_type="1" position="23">
      <path value="root" />
      <path value="Main Toolbar" />
      <option name="myInitialPosition" value="-1" />
    </group>
    <group value="PublishGroup.Upload" is_action="true" action_type="1" position="24">
      <path value="root" />
      <path value="Main Toolbar" />
      <option name="myInitialPosition" value="-1" />
    </group>
    <group value="PublishGroup.UploadTo" is_action="true" action_type="1" position="25">
      <path value="root" />
      <path value="Main Toolbar" />
      <option name="myInitialPosition" value="-1" />
    </group>
    <group value="PublishGroup.SyncLocalVsRemote" is_action="true" action_type="1" position="26">
      <path value="root" />
      <path value="Main Toolbar" />
      <option name="myInitialPosition" value="-1" />
    </group>
    <group seperator="true" action_type="1" position="27">
      <path value="root" />
      <path value="Main Toolbar" />
      <option name="myInitialPosition" value="-1" />
    </group>
    <group value="Git.Add" is_action="true" action_type="1" position="28">
      <path value="root" />
      <path value="Main Toolbar" />
      <option name="myInitialPosition" value="-1" />
    </group>
  </component>
</application>