<application>
  <component name="FileTypeManager" version="18">
    <extensionMap>
      <mapping pattern="*.js.liquid" type="JavaScript" />
      <mapping pattern="1" type="PLAIN_TEXT" />
      <mapping ext="dist" type="PLAIN_TEXT" />
      <mapping ext="pem" type="PLAIN_TEXT" />
      <mapping ext="liquid" type="Twig" />
      <removed_mapping ext="ignore" approved="true" type="IgnoreLang file" />
      <removed_mapping ext="liquid" approved="true" type="HTML" />
      <removed_mapping pattern="*.scss.liquid" approved="true" type="SCSS" />
    </extensionMap>
  </component>
</application>