<application>
  <component name="ProjectManager">
    <defaultProject>
      <component name="Behat">
        <behat_settings>
          <BehatSettings />
        </behat_settings>
      </component>
      <component name="ComposerSettings">
        <pharPath>$USER_HOME$/.composer/composer.phar</pharPath>
        <phpPath>/Applications/MAMP/bin/php/php5.6.7/bin/php</phpPath>
      </component>
      <component name="Encoding">
        <file url="PROJECT" charset="UTF-8" />
      </component>
      <component name="PhpProjectSharedConfiguration" php_language_level="7" />
      <component name="PhpWorkspaceProjectConfiguration" backward_compatibility_performed="true" interpreter_name="PHP" />
      <component name="ProjectViewState">
        <option name="autoscrollFromSource" value="true" />
        <option name="hideEmptyMiddlePackages" value="true" />
        <option name="showExcludedFiles" value="true" />
        <option name="showLibraryContents" value="true" />
      </component>
      <component name="PropertiesComponent"><![CDATA[{
  "keyToString": {
    "settings.editor.selected.configurable": "MTConfigurable"
  }
}]]></component>
      <component name="VcsContentAnnotationSettings">
        <option name="myLimit" value="2678400000" />
      </component>
    </defaultProject>
  </component>
</application>