<application>
  <component name="UpdatesConfigurable">
    <option name="CHECK_NEEDED" value="false" />
    <ignoredBuildNumbers>
      <item value="201.6668.153" />
      <item value="202.7660.42" />
      <item value="202.7319.77" />
      <item value="202.6948.87" />
    </ignoredBuildNumbers>
    <option name="LAST_BUILD_CHECKED" value="PS-221.5080.224" />
    <option name="LAST_TIME_CHECKED" value="1659520936155" />
    <option name="THIRD_PARTY_PLUGINS_ALLOWED" value="true" />
  </component>
</application>