<application>
  <component name="GeneralSettings">
    <option name="confirmExit" value="false" />
    <option name="confirmOpenNewProject2" value="0" />
    <option name="showTipsOnStartup" value="false" />
  </component>
  <component name="Registry">
    <entry key="ide.firstStartup" value="false" />
    <entry key="dumb.aware.run.configurations" value="true" />
    <entry key="ide.balloon.shadow.size" value="0" />
    <entry key="ide.mac.allowDarkWindowDecorations" value="true" />
  </component>
</application>