<application>
  <component name="KeyPromoterXStatistic">
    <option name="statistics">
      <Statistic Action="Add">
        <Item>
          <IdeaActionID>Git.Add</IdeaActionID>
          <ShortCut>'⌥⌘A'</ShortCut>
          <Description>Add</Description>
          <Count>3</Count>
        </Item>
      </Statistic>
      <Statistic Action="Add to VCS">
        <Item>
          <IdeaActionID>ChangesView.AddUnversioned</IdeaActionID>
          <ShortCut>'⌥⌘A'</ShortCut>
          <Description>Add to VCS</Description>
          <Count>8</Count>
        </Item>
      </Statistic>
      <Statistic Action="Back">
        <Item>
          <IdeaActionID>Back</IdeaActionID>
          <ShortCut>'⌘[' or '⌥⌘←'</ShortCut>
          <Description>Back</Description>
          <Count>2</Count>
        </Item>
      </Statistic>
      <Statistic Action="Commit Message History">
        <Item>
          <IdeaActionID>Vcs.ShowMessageHistory</IdeaActionID>
          <ShortCut>'⌃M' or '⌘E'</ShortCut>
          <Description>Commit Message History</Description>
          <Count>38</Count>
        </Item>
      </Statistic>
      <Statistic Action="Commit...">
        <Item>
          <IdeaActionID>CheckinProject</IdeaActionID>
          <ShortCut>'⌘K'</ShortCut>
          <Description>Commit...</Description>
          <Count>729</Count>
        </Item>
      </Statistic>
      <Statistic Action="Copy">
        <Item>
          <IdeaActionID>$Copy</IdeaActionID>
          <ShortCut>'⌘C'</ShortCut>
          <Description>Copy</Description>
          <Count>1</Count>
        </Item>
      </Statistic>
      <Statistic Action="Copy Reference">
        <Item>
          <IdeaActionID>CopyReference</IdeaActionID>
          <ShortCut>'⌥⇧⌘C'</ShortCut>
          <Description>Copy Reference</Description>
          <Count>1</Count>
        </Item>
      </Statistic>
      <Statistic Action="Copy Relative Path">
        <Item>
          <IdeaActionID>CopyReference</IdeaActionID>
          <ShortCut>'⌥⇧⌘C'</ShortCut>
          <Description>Copy Relative Path</Description>
          <Count>8</Count>
        </Item>
      </Statistic>
      <Statistic Action="Declaration">
        <Item>
          <IdeaActionID>GotoDeclaration</IdeaActionID>
          <ShortCut>'⌘B'</ShortCut>
          <Description>Declaration</Description>
          <Count>936</Count>
        </Item>
      </Statistic>
      <Statistic Action="Delete">
        <Item>
          <IdeaActionID>$Delete</IdeaActionID>
          <ShortCut>'⌦' or '⌫' or '⌘⌫'</ShortCut>
          <Description>Delete</Description>
          <Count>3</Count>
        </Item>
      </Statistic>
      <Statistic Action="Delete...">
        <Item>
          <IdeaActionID>$Delete</IdeaActionID>
          <ShortCut>'⌦' or '⌫' or '⌘⌫'</ShortCut>
          <Description>Delete...</Description>
          <Count>5</Count>
        </Item>
      </Statistic>
      <Statistic Action="Find">
        <Item>
          <IdeaActionID>ActivateFindToolWindow</IdeaActionID>
          <ShortCut>'⌘3'</ShortCut>
          <Description>Find</Description>
          <Count>1</Count>
        </Item>
      </Statistic>
      <Statistic Action="Find Usages">
        <Item>
          <IdeaActionID>FindUsages</IdeaActionID>
          <ShortCut>'⌥F7'</ShortCut>
          <Description>Find Usages</Description>
          <Count>86</Count>
        </Item>
      </Statistic>
      <Statistic Action="Find in Path...">
        <Item>
          <IdeaActionID>FindInPath</IdeaActionID>
          <ShortCut>'⇧⌘F'</ShortCut>
          <Description>Find in Path...</Description>
          <Count>18</Count>
        </Item>
      </Statistic>
      <Statistic Action="Generate...">
        <Item>
          <IdeaActionID>Generate</IdeaActionID>
          <ShortCut>'⌘N' or '⌃⏎'</ShortCut>
          <Description>Generate...</Description>
          <Count>1</Count>
        </Item>
      </Statistic>
      <Statistic Action="Hide All Windows">
        <Item>
          <IdeaActionID>HideAllWindows</IdeaActionID>
          <ShortCut>'⇧⌘F12'</ShortCut>
          <Description>Hide All Windows</Description>
          <Count>6</Count>
        </Item>
      </Statistic>
      <Statistic Action="Method...">
        <Item>
          <IdeaActionID>ExtractMethod</IdeaActionID>
          <ShortCut>'⌥⌘M'</ShortCut>
          <Description>Method...</Description>
          <Count>1</Count>
        </Item>
      </Statistic>
      <Statistic Action="Move to Another Changelist...">
        <Item>
          <IdeaActionID>ChangesView.Move</IdeaActionID>
          <ShortCut>'⇧⌘M'</ShortCut>
          <Description>Move to Another Changelist...</Description>
          <Count>4</Count>
        </Item>
      </Statistic>
      <Statistic Action="Move...">
        <Item>
          <IdeaActionID>Move</IdeaActionID>
          <ShortCut>'F6'</ShortCut>
          <Description>Move...</Description>
          <Count>8</Count>
        </Item>
      </Statistic>
      <Statistic Action="Project">
        <Item>
          <IdeaActionID>ActivateProjectToolWindow</IdeaActionID>
          <ShortCut>'⌘1'</ShortCut>
          <Description>Project</Description>
          <Count>1</Count>
        </Item>
      </Statistic>
      <Statistic Action="Refresh">
        <Item>
          <IdeaActionID>Vcs.Log.Refresh</IdeaActionID>
          <ShortCut>'⌘R'</ShortCut>
          <Description>Refresh</Description>
          <Count>6</Count>
        </Item>
      </Statistic>
      <Statistic Action="Rename...">
        <Item>
          <IdeaActionID>RenameElement</IdeaActionID>
          <ShortCut>'⇧F6'</ShortCut>
          <Description>Rename...</Description>
          <Count>25</Count>
        </Item>
      </Statistic>
      <Statistic Action="Replace in Path...">
        <Item>
          <IdeaActionID>ReplaceInPath</IdeaActionID>
          <ShortCut>'⇧⌘R'</ShortCut>
          <Description>Replace in Path...</Description>
          <Count>22</Count>
        </Item>
      </Statistic>
      <Statistic Action="Rerun 'dev'">
        <Item>
          <IdeaActionID>Rerun</IdeaActionID>
          <ShortCut>'⌘R'</ShortCut>
          <Description>Rerun 'dev'</Description>
          <Count>83</Count>
        </Item>
      </Statistic>
      <Statistic Action="Rerun 'hot'">
        <Item>
          <IdeaActionID>Rerun</IdeaActionID>
          <ShortCut>'⌘R'</ShortCut>
          <Description>Rerun 'hot'</Description>
          <Count>19</Count>
        </Item>
      </Statistic>
      <Statistic Action="Rerun 'prod'">
        <Item>
          <IdeaActionID>Rerun</IdeaActionID>
          <ShortCut>'⌘R'</ShortCut>
          <Description>Rerun 'prod'</Description>
          <Count>11</Count>
        </Item>
      </Statistic>
      <Statistic Action="Rerun 'production'">
        <Item>
          <IdeaActionID>Rerun</IdeaActionID>
          <ShortCut>'⌘R'</ShortCut>
          <Description>Rerun 'production'</Description>
          <Count>27</Count>
        </Item>
      </Statistic>
      <Statistic Action="Rerun 'sdk:production'">
        <Item>
          <IdeaActionID>Rerun</IdeaActionID>
          <ShortCut>'⌘R'</ShortCut>
          <Description>Rerun 'sdk:production'</Description>
          <Count>1</Count>
        </Item>
      </Statistic>
      <Statistic Action="Rerun 'watch'">
        <Item>
          <IdeaActionID>Rerun</IdeaActionID>
          <ShortCut>'⌘R'</ShortCut>
          <Description>Rerun 'watch'</Description>
          <Count>1</Count>
        </Item>
      </Statistic>
      <Statistic Action="Restore Windows">
        <Item>
          <IdeaActionID>HideAllWindows</IdeaActionID>
          <ShortCut>'⇧⌘F12'</ShortCut>
          <Description>Restore Windows</Description>
          <Count>6</Count>
        </Item>
      </Statistic>
      <Statistic Action="Revert...">
        <Item>
          <IdeaActionID>ChangesView.Revert</IdeaActionID>
          <ShortCut>'⌥⌘Z'</ShortCut>
          <Description>Revert...</Description>
          <Count>14</Count>
        </Item>
      </Statistic>
      <Statistic Action="Run">
        <Item>
          <IdeaActionID>ActivateRunToolWindow</IdeaActionID>
          <ShortCut>'⌘4'</ShortCut>
          <Description>Run</Description>
          <Count>44</Count>
        </Item>
      </Statistic>
      <Statistic Action="Stop 'dev'">
        <Item>
          <IdeaActionID>Stop</IdeaActionID>
          <ShortCut>'⌘F2'</ShortCut>
          <Description>Stop 'dev'</Description>
          <Count>16</Count>
        </Item>
      </Statistic>
      <Statistic Action="Stop 'hot'">
        <Item>
          <IdeaActionID>Stop</IdeaActionID>
          <ShortCut>'⌘F2'</ShortCut>
          <Description>Stop 'hot'</Description>
          <Count>44</Count>
        </Item>
      </Statistic>
      <Statistic Action="Stop 'prod'">
        <Item>
          <IdeaActionID>Stop</IdeaActionID>
          <ShortCut>'⌘F2'</ShortCut>
          <Description>Stop 'prod'</Description>
          <Count>14</Count>
        </Item>
      </Statistic>
      <Statistic Action="Stop 'production'">
        <Item>
          <IdeaActionID>Stop</IdeaActionID>
          <ShortCut>'⌘F2'</ShortCut>
          <Description>Stop 'production'</Description>
          <Count>7</Count>
        </Item>
      </Statistic>
      <Statistic Action="Stop 'watch'">
        <Item>
          <IdeaActionID>Stop</IdeaActionID>
          <ShortCut>'⌘F2'</ShortCut>
          <Description>Stop 'watch'</Description>
          <Count>1</Count>
        </Item>
      </Statistic>
      <Statistic Action="Structure">
        <Item>
          <IdeaActionID>ActivateStructureToolWindow</IdeaActionID>
          <ShortCut>'⌘7'</ShortCut>
          <Description>Structure</Description>
          <Count>4</Count>
        </Item>
      </Statistic>
      <Statistic Action="Terminal">
        <Item>
          <IdeaActionID>ActivateTerminalToolWindow</IdeaActionID>
          <ShortCut>'⌥F12'</ShortCut>
          <Description>Terminal</Description>
          <Count>20</Count>
        </Item>
      </Statistic>
      <Statistic Action="Toggle Line Breakpoint">
        <Item>
          <IdeaActionID>ToggleLineBreakpoint</IdeaActionID>
          <ShortCut>'⌘F8'</ShortCut>
          <Description>Toggle Line Breakpoint</Description>
          <Count>42</Count>
        </Item>
      </Statistic>
      <Statistic Action="Type Declaration">
        <Item>
          <IdeaActionID>GotoTypeDeclaration</IdeaActionID>
          <ShortCut>'⇧⌘B' or '⌃⇧B'</ShortCut>
          <Description>Type Declaration</Description>
          <Count>1</Count>
        </Item>
      </Statistic>
      <Statistic Action="Update Project...">
        <Item>
          <IdeaActionID>Vcs.UpdateProject</IdeaActionID>
          <ShortCut>'⌘T'</ShortCut>
          <Description>Update Project...</Description>
          <Count>4</Count>
        </Item>
      </Statistic>
      <Statistic Action="Version Control">
        <Item>
          <IdeaActionID>ActivateVersionControlToolWindow</IdeaActionID>
          <ShortCut>'⌘9' or '⇧⌘9'</ShortCut>
          <Description>Version Control</Description>
          <Count>101</Count>
        </Item>
      </Statistic>
    </option>
  </component>
</application>