<application>
  <component name="NotificationConfiguration">
    <notification groupId="Database" displayType="TOOL_WINDOW" />
    <notification groupId="Database editor log" displayType="NONE" />
    <notification groupId="Database log" displayType="NONE" />
    <notification groupId="Database refactoring log" displayType="NONE" />
    <notification groupId="Database view" displayType="TOOL_WINDOW" />
    <notification groupId="Debugger messages" displayType="TOOL_WINDOW" shouldLog="false" />
    <notification groupId="Execution" displayType="NONE" />
    <notification groupId="External Executable Critical Failures" displayType="STICKY_BALLOON" />
    <notification groupId="File Watcher Messages" displayType="STICKY_BALLOON" />
    <notification groupId="File Watchers" />
    <notification groupId="Git Important Messages" displayType="STICKY_BALLOON" />
    <notification groupId="Git Messages" displayType="TOOL_WINDOW" />
    <notification groupId="Git Minor Notifications" />
    <notification groupId="IDE Usage Statistics" displayType="STICKY_BALLOON" shouldLog="false" />
    <notification groupId="Inspection Results" displayType="TOOL_WINDOW" />
    <notification groupId="JavaScript Library Management" displayType="STICKY_BALLOON" />
    <notification groupId="LESS Compiler Error Messages" displayType="STICKY_BALLOON" />
    <notification groupId="LESS Compiler Notices" displayType="NONE" />
    <notification groupId="LESS Compiler Successful Compiles" displayType="TOOL_WINDOW" shouldLog="false" />
    <notification groupId="PHP Debugger" displayType="TOOL_WINDOW" shouldLog="false" />
    <notification groupId="PHP-CGI Server" displayType="STICKY_BALLOON" />
    <notification groupId="Project Loading Error" />
    <notification groupId="Reformat Code" />
    <notification groupId="System" displayType="STICKY_BALLOON" shouldLog="false" />
    <notification groupId="System Messages" />
    <notification groupId="Test Runner" displayType="NONE" />
    <notification groupId="Update Checker" displayType="STICKY_BALLOON" />
    <notification groupId="Vcs Important Messages" displayType="STICKY_BALLOON" />
    <notification groupId="Vcs Minor Notifications" />
    <notification groupId="Web Deployment" displayType="TOOL_WINDOW" />
  </component>
</application>