<application>
  <component name="DesignSurface">
    <option name="filePathToZoomLevelMap">
      <map>
        <entry key="../../../../../../../layout/custom_preview.xml" value="0.1" />
        <entry key="../../../../layout/custom_preview.xml" value="0.1" />
        <entry key="app/src/main/res/layout/activity_coin_withdraw.xml" value="0.30833333333333335" />
        <entry key="app/src/main/res/layout/activity_gender_birthday.xml" value="0.2971014492753623" />
        <entry key="app/src/main/res/layout/activity_location.xml" value="0.1" />
        <entry key="app/src/main/res/layout/activity_main.xml" value="0.29030797101449274" />
        <entry key="app/src/main/res/layout/activity_splash.xml" value="0.15324214792299898" />
        <entry key="app/src/main/res/layout/activity_update_qq.xml" value="0.14994934143870314" />
        <entry key="app/src/main/res/layout/activity_verify_identity.xml" value="0.30833333333333335" />
        <entry key="app/src/main/res/layout/activity_verify_identity_face.xml" value="0.30833333333333335" />
        <entry key="app/src/main/res/layout/dialog_popup_custom.xml" value="0.35553047404063204" />
        <entry key="app/src/main/res/layout/fragment_account.xml" value="0.2971014492753623" />
        <entry key="app/src/main/res/layout/fragment_personal.xml" value="0.2971014492753623" />
        <entry key="app/src/main/res/layout/fragment_profile.xml" value="0.2971014492753623" />
        <entry key="app/src/main/res/layout/fragment_top_up_diamonds.xml" value="0.4979166666666667" />
        <entry key="app/src/main/res/layout/fragment_user_profile.xml" value="0.4979166666666667" />
        <entry key="app/src/main/res/layout/layout_custom_dialog.xml" value="0.4904891304347826" />
        <entry key="app/src/main/res/layout/layout_custom_dialog_from_top.xml" value="0.4904891304347826" />
        <entry key="app/src/main/res/layout/layout_custom_view.xml" value="0.4904891304347826" />
        <entry key="app/src/main/res/layout/widget_group_selectable_group_view.xml" value="0.4979166666666667" />
        <entry key="app/src/main/res/layout/widget_info_row_view.xml" value="0.5" />
        <entry key="app/src/main/res/layout/widget_popup_new_message_view.xml" value="0.30833333333333335" />
      </map>
    </option>
  </component>
</application>