<application>
  <component name="FeatureSuggesterSettings">
    <option name="workingDays">
      <list>
        <option value="1652277541667" />
        <option value="1652288845485" />
        <option value="1652620071759" />
        <option value="1652800335789" />
        <option value="1652849292223" />
        <option value="1652939590493" />
        <option value="1653125153475" />
        <option value="1653206743054" />
        <option value="1653237814768" />
        <option value="1653462001588" />
        <option value="1653551509950" />
        <option value="1653652070892" />
        <option value="1654681703316" />
      </list>
    </option>
  </component>
</application>