<application>
  <component name="ProjectJdkTable">
    <jdk version="2">
      <name value="ruby-2.0.0-p481" />
      <type value="RUBY_SDK" />
      <version value="ver.2.0.0p481 ( revision 45883) p481" />
      <homePath value="/usr/bin/ruby" />
      <roots>
        <classPath>
          <root type="composite">
            <root url="file:///Library/Ruby/Site/2.0.0" type="simple" />
            <root url="file:///Library/Ruby/Site/2.0.0/universal-darwin14" type="simple" />
            <root url="file:///Library/Ruby/Site" type="simple" />
            <root url="file:///System/Library/Frameworks/Ruby.framework/Versions/2.0/usr/lib/ruby/vendor_ruby/2.0.0" type="simple" />
            <root url="file:///System/Library/Frameworks/Ruby.framework/Versions/2.0/usr/lib/ruby/vendor_ruby/2.0.0/universal-darwin14" type="simple" />
            <root url="file:///System/Library/Frameworks/Ruby.framework/Versions/2.0/usr/lib/ruby/vendor_ruby" type="simple" />
            <root url="file:///System/Library/Frameworks/Ruby.framework/Versions/2.0/usr/lib/ruby/2.0.0" type="simple" />
            <root url="file:///System/Library/Frameworks/Ruby.framework/Versions/2.0/usr/lib/ruby/2.0.0/universal-darwin14" type="simple" />
            <root url="file://$APPLICATION_HOME_DIR$/rubystubs20" type="simple" />
            <root url="file://$APPLICATION_HOME_DIR$/plugins/appcode-ruby/rubystubs/rubystubs20" type="simple" />
          </root>
        </classPath>
        <sourcePath>
          <root type="composite">
            <root url="file:///Library/Ruby/Site/2.0.0" type="simple" />
            <root url="file:///Library/Ruby/Site/2.0.0/universal-darwin14" type="simple" />
            <root url="file:///Library/Ruby/Site" type="simple" />
            <root url="file:///System/Library/Frameworks/Ruby.framework/Versions/2.0/usr/lib/ruby/vendor_ruby/2.0.0" type="simple" />
            <root url="file:///System/Library/Frameworks/Ruby.framework/Versions/2.0/usr/lib/ruby/vendor_ruby/2.0.0/universal-darwin14" type="simple" />
            <root url="file:///System/Library/Frameworks/Ruby.framework/Versions/2.0/usr/lib/ruby/vendor_ruby" type="simple" />
            <root url="file:///System/Library/Frameworks/Ruby.framework/Versions/2.0/usr/lib/ruby/2.0.0" type="simple" />
            <root url="file:///System/Library/Frameworks/Ruby.framework/Versions/2.0/usr/lib/ruby/2.0.0/universal-darwin14" type="simple" />
            <root url="file://$APPLICATION_HOME_DIR$/rubystubs20" type="simple" />
          </root>
        </sourcePath>
      </roots>
      <additional NORMALIZED_VERSION_STRING="ver.2.0.0p481 ( revision 45883) p481" version="1" GEMS_BIN_DIR_PATH="/usr/bin">
        <VERSION_MANAGER ID="system">
          <custom-configurator>
            <list />
          </custom-configurator>
        </VERSION_MANAGER>
        <RbConfig>
          <item key="AR" value="libtool -static" />
          <item key="ARFLAGS" value="-no_warning_for_no_symbols -o " />
          <item key="AS" value="as" />
          <item key="ASMEXT" value="S" />
          <item key="BUILTIN_TRANSSRCS" value=" enc/trans/newline.c" />
          <item key="CC" value="xcrun clang" />
          <item key="CC_VERSION" value="xcrun clang -v" />
          <item key="CFLAGS" value=" -g -Os -pipe -DHAVE_GCC_ATOMIC_BUILTINS" />
          <item key="CHDIR" value="cd -P" />
          <item key="CONFIGURE" value="configure" />
          <item key="COUTFLAG" value="-o " />
          <item key="CP" value="cp" />
          <item key="CPP" value="xcrun clang -E" />
          <item key="CPPFLAGS" value="-D_XOPEN_SOURCE -D_DARWIN_C_SOURCE -D_DARWIN_UNLIMITED_SELECT -D_REENTRANT  " />
          <item key="CPPOUTFILE" value="-o conftest.i" />
          <item key="CROSS_COMPILING" value="no" />
          <item key="CXX" value="xcrun clang++" />
          <item key="CXXFLAGS" value=" -g -Os -pipe " />
          <item key="DLDFLAGS" value="-Wl,-undefined,dynamic_lookup -Wl,-multiply_defined,suppress" />
          <item key="DLEXT" value="bundle" />
          <item key="DLNOBJ" value="dln.o" />
          <item key="ECHO_C" value="\\c" />
          <item key="EGREP" value="/usr/bin/grep -E" />
          <item key="ENABLE_SHARED" value="yes" />
          <item key="EXTOUT" value=".ext" />
          <item key="GNU_LD" value="no" />
          <item key="GREP" value="/usr/bin/grep" />
          <item key="INSTALL" value="/usr/bin/install -c" />
          <item key="INSTALL_DATA" value="/usr/bin/install -c -m 644" />
          <item key="INSTALL_PROGRAM" value="/usr/bin/install -c" />
          <item key="INSTALL_SCRIPT" value="/usr/bin/install -c" />
          <item key="LD" value="ld" />
          <item key="LDFLAGS" value="-L." />
          <item key="LDSHARED" value="xcrun clang -dynamic -bundle" />
          <item key="LDSHAREDXX" value="xcrun clang++ -dynamic -bundle" />
          <item key="LIBEXT" value="a" />
          <item key="LIBPATHENV" value="DYLD_LIBRARY_PATH" />
          <item key="LIBPATHFLAG" value=" -L%s" />
          <item key="LIBRUBY" value="libruby.2.3.0.dylib" />
          <item key="LIBRUBYARG" value="-lruby.2.3.0" />
          <item key="LIBRUBYARG_SHARED" value="-lruby.2.3.0" />
          <item key="LIBRUBYARG_STATIC" value="-lruby.2.3.0-static -framework Foundation" />
          <item key="LIBRUBY_A" value="libruby.2.3.0-static.a" />
          <item key="LIBRUBY_ALIASES" value="libruby.2.3.dylib libruby.dylib" />
          <item key="LIBRUBY_RELATIVE" value="no" />
          <item key="LIBRUBY_SO" value="libruby.2.3.0.dylib" />
          <item key="LIBS" value="-lpthread -ldl -lobjc" />
          <item key="LINK_SO" value="&#10;test -z '$(RUBY_CODESIGN)' || codesign -s '$(RUBY_CODESIGN)' -f $@" />
          <item key="LN_S" value="ln -s" />
          <item key="MAJOR" value="2" />
          <item key="MAKEDIRS" value="mkdir -p" />
          <item key="MAKEFILES" value="Makefile GNUmakefile" />
          <item key="MANTYPE" value="doc" />
          <item key="MINOR" value="3" />
          <item key="MKDIR_P" value="mkdir -p" />
          <item key="NM" value="nm" />
          <item key="NROFF" value="/usr/bin/nroff" />
          <item key="NULLCMD" value=":" />
          <item key="OBJDUMP" value="objdump" />
          <item key="OBJEXT" value="o" />
          <item key="OUTFLAG" value="-o " />
          <item key="PACKAGE" value="ruby" />
          <item key="PATCHLEVEL" value="456" />
          <item key="PATH_SEPARATOR" value=":" />
          <item key="POSTLINK" value="test -z '$(RUBY_CODESIGN)' || codesign -s '$(RUBY_CODESIGN)' -f $@" />
          <item key="PRELOADENV" value="DYLD_INSERT_LIBRARIES" />
          <item key="PREP" value="miniruby" />
          <item key="RANLIB" value=":" />
          <item key="RI_BASE_NAME" value="ri" />
          <item key="RM" value="rm -f" />
          <item key="RMALL" value="rm -fr" />
          <item key="RMDIR" value="rmdir" />
          <item key="RMDIRS" value="rmdir -p" />
          <item key="RUBYW_BASE_NAME" value="rubyw" />
          <item key="RUBY_BASE_NAME" value="ruby" />
          <item key="RUBY_EXEC_PREFIX" value="/System/Library/Frameworks/Ruby.framework/Versions/2.3/usr" />
          <item key="RUBY_INSTALL_NAME" value="ruby" />
          <item key="RUBY_LIB_VERSION_STYLE" value="3&#9;/* full */" />
          <item key="RUBY_PROGRAM_VERSION" value="2.3.7" />
          <item key="RUBY_SO_NAME" value="ruby.2.3.0" />
          <item key="RUBY_VERSION_NAME" value="ruby-2.3.0" />
          <item key="SHELL" value="/bin/sh" />
          <item key="SOLIBS" value="-lpthread -ldl -lobjc" />
          <item key="STRIP" value="strip -A -n" />
          <item key="SYMBOL_PREFIX" value="_" />
          <item key="TEENY" value="0" />
          <item key="TEST_RUNNABLE" value="yes" />
          <item key="THREAD_MODEL" value="pthread" />
          <item key="UNIVERSAL_ARCHNAMES" value=" x86_64=x86_64 i386=i386" />
          <item key="UNIVERSAL_INTS" value="'long long' long int short" />
          <item key="USE_RUBYGEMS" value="YES" />
          <item key="arch" value="universal-darwin18" />
          <item key="archdir" value="/System/Library/Frameworks/Ruby.framework/Versions/2.3/usr/lib/ruby/2.3.0/universal-darwin18" />
          <item key="archincludedir" value="/Applications/Xcode.app/Contents/Developer/Platforms/MacOSX.platform/Developer/SDKs/MacOSX10.14.sdk/System/Library/Frameworks/Ruby.framework/Versions/2.3/usr/include/universal-darwin18" />
          <item key="archlibdir" value="/System/Library/Frameworks/Ruby.framework/Versions/2.3/usr/lib/universal-darwin18" />
          <item key="bindir" value="/System/Library/Frameworks/Ruby.framework/Versions/2.3/usr/bin" />
          <item key="build" value="x86_64-apple-darwin18" />
          <item key="build_cpu" value="x86_64" />
          <item key="build_os" value="darwin18" />
          <item key="build_vendor" value="apple" />
          <item key="cflags" value="  -g " />
          <item key="codesign" value="codesign" />
          <item key="configure_args" value=" '--prefix=/usr' '--mandir=/usr/share/man' '--infodir=/usr/share/info' '--disable-dependency-tracking' '--prefix=/System/Library/Frameworks/Ruby.framework/Versions/2.3/usr' '--sysconfdir=/Library/Ruby/Site' '--with-sitedir=/Library/Ruby/Site' '--enable-shared' '--with-arch=x86_64,i386' '--with-openssl-dir=/Applications/Xcode.app/Contents/Developer/Platforms/MacOSX.platform/Developer/SDKs/MacOSX10.14.Internal.sdk/usr/local/libressl' '--without-ext=tk' '--disable-silent-rules' 'ac_cv_func_getcontext=no' 'ac_cv_func_setcontext=no' 'ac_cv_func_utimensat=no' 'ac_cv_c_compiler_gnu=no' 'ac_cv_header_net_if_h=yes' 'av_cv_header_ifaddrs_h=yes' 'rb_cv_pri_prefix_long_long=ll' 'ac_cv_sizeof_struct_stat_st_size=SIZEOF_OFF_T' 'ac_cv_sizeof_struct_stat_st_blocks=SIZEOF_INT64_T' 'ac_cv_sizeof_struct_stat_st_ino=SIZEOF_UINT64_T' 'CC=/Applications/Xcode.app/Contents/Developer/Toolchains/OSX10.14.xctoolchain/usr/bin/cc' 'CFLAGS=-arch x86_64 -arch i386 -g -Os -pipe -DHAVE_GCC_ATOMIC_BUILTINS' 'LDFLAGS=-arch x86_64 -arch i386            ' 'CXX=/Applications/Xcode.app/Contents/Developer/Toolchains/OSX10.14.xctoolchain/usr/bin/c++' 'CXXFLAGS=-arch x86_64 -arch i386 -g -Os -pipe '" />
          <item key="cxxflags" value="  -g " />
          <item key="datadir" value="/System/Library/Frameworks/Ruby.framework/Versions/2.3/usr/share" />
          <item key="datarootdir" value="/System/Library/Frameworks/Ruby.framework/Versions/2.3/usr/share" />
          <item key="debugflags" value="-g" />
          <item key="docdir" value="/System/Library/Frameworks/Ruby.framework/Versions/2.3/usr/share/doc/ruby" />
          <item key="dvidir" value="/System/Library/Frameworks/Ruby.framework/Versions/2.3/usr/share/doc/ruby" />
          <item key="exec" value="exec" />
          <item key="exec_prefix" value="/System/Library/Frameworks/Ruby.framework/Versions/2.3/usr" />
          <item key="host" value="x86_64-apple-darwin18" />
          <item key="host_cpu" value="x86_64" />
          <item key="host_os" value="darwin18" />
          <item key="host_vendor" value="apple" />
          <item key="htmldir" value="/System/Library/Frameworks/Ruby.framework/Versions/2.3/usr/share/doc/ruby" />
          <item key="includedir" value="/Applications/Xcode.app/Contents/Developer/Platforms/MacOSX.platform/Developer/SDKs/MacOSX10.14.sdk/System/Library/Frameworks/Ruby.framework/Versions/2.3/usr/include" />
          <item key="infodir" value="/usr/share/info" />
          <item key="libdir" value="/System/Library/Frameworks/Ruby.framework/Versions/2.3/usr/lib" />
          <item key="libdirname" value="libdir" />
          <item key="libexecdir" value="/System/Library/Frameworks/Ruby.framework/Versions/2.3/usr/libexec" />
          <item key="localedir" value="/System/Library/Frameworks/Ruby.framework/Versions/2.3/usr/share/locale" />
          <item key="localstatedir" value="/System/Library/Frameworks/Ruby.framework/Versions/2.3/usr/var" />
          <item key="mandir" value="/usr/share/man" />
          <item key="oldincludedir" value="/usr/include" />
          <item key="pdfdir" value="/System/Library/Frameworks/Ruby.framework/Versions/2.3/usr/share/doc/ruby" />
          <item key="prefix" value="/System/Library/Frameworks/Ruby.framework/Versions/2.3/usr" />
          <item key="psdir" value="/System/Library/Frameworks/Ruby.framework/Versions/2.3/usr/share/doc/ruby" />
          <item key="ridir" value="/System/Library/Frameworks/Ruby.framework/Versions/2.3/usr/share/ri" />
          <item key="ruby_install_name" value="ruby" />
          <item key="ruby_pc" value="ruby-2.3.pc" />
          <item key="ruby_version" value="2.3.0" />
          <item key="rubyarchdir" value="/System/Library/Frameworks/Ruby.framework/Versions/2.3/usr/lib/ruby/2.3.0/universal-darwin18" />
          <item key="rubyarchhdrdir" value="/Applications/Xcode.app/Contents/Developer/Platforms/MacOSX.platform/Developer/SDKs/MacOSX10.14.sdk/System/Library/Frameworks/Ruby.framework/Versions/2.3/usr/include/ruby-2.3.0/universal-darwin18" />
          <item key="rubyarchprefix" value="/System/Library/Frameworks/Ruby.framework/Versions/2.3/usr/lib/ruby/universal-darwin18" />
          <item key="rubyhdrdir" value="/Applications/Xcode.app/Contents/Developer/Platforms/MacOSX.platform/Developer/SDKs/MacOSX10.14.sdk/System/Library/Frameworks/Ruby.framework/Versions/2.3/usr/include/ruby-2.3.0" />
          <item key="rubylibdir" value="/System/Library/Frameworks/Ruby.framework/Versions/2.3/usr/lib/ruby/2.3.0" />
          <item key="rubylibprefix" value="/System/Library/Frameworks/Ruby.framework/Versions/2.3/usr/lib/ruby" />
          <item key="rubysitearchprefix" value="/System/Library/Frameworks/Ruby.framework/Versions/2.3/usr/lib/ruby/universal-darwin18" />
          <item key="sbindir" value="/System/Library/Frameworks/Ruby.framework/Versions/2.3/usr/sbin" />
          <item key="setup" value="Setup" />
          <item key="sharedstatedir" value="/System/Library/Frameworks/Ruby.framework/Versions/2.3/usr/com" />
          <item key="sitearch" value="universal-darwin18" />
          <item key="sitearchdir" value="/Library/Ruby/Site/2.3.0/universal-darwin18" />
          <item key="sitearchhdrdir" value="/Applications/Xcode.app/Contents/Developer/Platforms/MacOSX.platform/Developer/SDKs/MacOSX10.14.sdk/System/Library/Frameworks/Ruby.framework/Versions/2.3/usr/include/ruby-2.3.0/site_ruby/universal-darwin18" />
          <item key="sitearchincludedir" value="/Applications/Xcode.app/Contents/Developer/Platforms/MacOSX.platform/Developer/SDKs/MacOSX10.14.sdk/System/Library/Frameworks/Ruby.framework/Versions/2.3/usr/include/universal-darwin18" />
          <item key="sitearchlibdir" value="/System/Library/Frameworks/Ruby.framework/Versions/2.3/usr/lib/universal-darwin18" />
          <item key="sitedir" value="/Library/Ruby/Site" />
          <item key="sitehdrdir" value="/Applications/Xcode.app/Contents/Developer/Platforms/MacOSX.platform/Developer/SDKs/MacOSX10.14.sdk/System/Library/Frameworks/Ruby.framework/Versions/2.3/usr/include/ruby-2.3.0/site_ruby" />
          <item key="sitelibdir" value="/Library/Ruby/Site/2.3.0" />
          <item key="sysconfdir" value="/Library/Ruby/Site" />
          <item key="target" value="universal-apple-darwin18" />
          <item key="target_cpu" value="universal" />
          <item key="target_os" value="darwin18" />
          <item key="target_vendor" value="apple" />
          <item key="topdir" value="/System/Library/Frameworks/Ruby.framework/Versions/2.3/usr/lib/ruby/2.3.0/universal-darwin18" />
          <item key="try_header" value="try_compile" />
          <item key="vendorarchdir" value="/System/Library/Frameworks/Ruby.framework/Versions/2.3/usr/lib/ruby/vendor_ruby/2.3.0/universal-darwin18" />
          <item key="vendorarchhdrdir" value="/Applications/Xcode.app/Contents/Developer/Platforms/MacOSX.platform/Developer/SDKs/MacOSX10.14.sdk/System/Library/Frameworks/Ruby.framework/Versions/2.3/usr/include/ruby-2.3.0/vendor_ruby/universal-darwin18" />
          <item key="vendordir" value="/System/Library/Frameworks/Ruby.framework/Versions/2.3/usr/lib/ruby/vendor_ruby" />
          <item key="vendorhdrdir" value="/Applications/Xcode.app/Contents/Developer/Platforms/MacOSX.platform/Developer/SDKs/MacOSX10.14.sdk/System/Library/Frameworks/Ruby.framework/Versions/2.3/usr/include/ruby-2.3.0/vendor_ruby" />
          <item key="vendorlibdir" value="/System/Library/Frameworks/Ruby.framework/Versions/2.3/usr/lib/ruby/vendor_ruby/2.3.0" />
        </RbConfig>
      </additional>
    </jdk>
  </component>
</application>