<application>
  <component name="MaterialThemeConfig">
    <option name="contrastMode" value="true" />
    <option name="highContrast" value="true" />
    <option name="isContrastMode" value="true" />
    <option name="isHighContrast" value="true" />
    <option name="isWizardShown" value="true" />
    <option name="pristineConfig" value="false" />
    <option name="settingsSelectedTab" value="6" />
    <option name="accentColor" value="009688" />
    <option name="userId" value="63afe85b:1697260e2a8:-8000" />
    <option name="version" value="5.2.0" />
  </component>
</application>